lag,n,n_eff,pearson,spearman,p_bartlett,ci_lo,ci_hi,p_surrogate,sur_q95_abs,q_bh,market
0,184,143.4,0.016977086987150676,-0.002259636685866194,0.8405648093809079,-0.1473632814468544,0.18040525654385242,0.853,0.17029560240849134,0.9827181805597417,us
1,184,134.1,0.004394220214823445,0.053984704590549215,0.959874205683179,-0.16526425891643987,0.1738001046305648,0.96,0.168388068367419,0.9827181805597417,us
2,184,128.4,0.07486173709928354,0.09301689429985935,0.4008773436484492,-0.09965929151624112,0.24491426826819374,0.363,0.17410136246750135,0.5895255053653665,us
3,184,129.6,0.24062251022950512,0.2732831191847585,0.005750644741297828,0.07112565196132115,0.39661328470686297,0.002,0.16766910036510224,0.02053801693320653,us
4,184,131.6,0.24344198575812376,0.2520371404904548,0.004839885701474644,0.0754653918743064,0.3979831754652895,0.002,0.1631420070976422,0.02053801693320653,us
5,184,135.7,0.3187911069528347,0.318668490300707,0.0001419198158731927,0.15879473820509757,0.46247236170371203,0.0,0.16648622831790408,0.0035479953968298172,us
6,184,139.3,0.3001890189153563,0.31559785016663133,0.0002996277778901657,0.1408832361105179,0.4443420069752482,0.0,0.1707159092240129,0.0037453472236270713,us
7,184,137.5,0.27081790580018444,0.32056789505114525,0.0012764932197397716,0.10832031110063092,0.419220162569448,0.001,0.1685264827230459,0.01063744349783143,us
8,184,135.6,0.2589558747290634,0.2665388838589124,0.002273626482871105,0.09452650079186371,0.40963142721917245,0.004,0.17179159754593884,0.014210165517944406,us
9,184,135.9,0.18691066149850633,0.2324825181560748,0.029226537013135045,0.0191171456840548,0.3444639318039532,0.033,0.17351334930076767,0.07306634253283761,us
10,184,135.0,0.14490933422635296,0.12836585694746777,0.09358027952921266,-0.024642015946836873,0.30635711373150787,0.103,0.1685123511905223,0.19495891568585969,us
11,184,132.9,0.19207499561262517,0.20438635356668142,0.026630870046259636,0.022533196790115548,0.35087785705153157,0.032,0.17946720530548618,0.07306634253283761,us
12,184,125.8,0.21957767857854116,0.1872204349752461,0.013368565321976611,0.04632705686424065,0.3800041152901193,0.008,0.165185566083203,0.04177676663117691,us
13,184,123.5,0.24744007218932404,0.253175627516326,0.005536491232606799,0.07401434203241779,0.4063388859944889,0.002,0.1665794255725607,0.02053801693320653,us
14,184,123.2,0.09978322818649508,0.0753944250736838,0.27236458731264035,-0.07849561590365904,0.27187763871794285,0.263,0.1821627921804581,0.4863653344868578,us
15,184,121.9,0.08751397131591349,0.13795149390302633,0.3387048250737066,-0.09174816991500691,0.26128191144272606,0.32,0.16933952053765786,0.564508041789511,us
16,184,122.8,0.04244668302691305,0.030344243031342102,0.6419892995744476,-0.1357385204089838,0.21797196837934593,0.639,0.16906677850688404,0.8839577280194632,us
17,184,118.7,0.158303001121674,0.1538883858912369,0.08598312977127165,-0.02259244345286301,0.3291614164826972,0.081,0.1809828296606659,0.19495891568585969,us
18,184,121.7,0.0019885861138985365,-0.00829881913274643,0.9827181805597416,-0.17609249665897053,0.17994363010252357,0.985,0.17338905833292256,0.9827181805597417,us
19,184,124.9,-0.038355329305548205,-0.0380767082121323,0.6718078732947921,-0.21260975576912072,0.13826346928725344,0.662,0.1674668186183171,0.8839577280194632,us
20,184,125.8,-0.004517183391773243,-0.04699774614243609,0.9600692875706236,-0.17939387007002,0.17063623383968424,0.96,0.1679486069145947,0.9827181805597417,us
21,184,127.9,-0.0032384817995959147,0.003796883126890254,0.9711313506728241,-0.17675762966844286,0.1704759017526066,0.963,0.17575250616344504,0.9827181805597417,us
22,184,128.0,0.0752752853057826,0.035426017607058234,0.39915999839060534,-0.09957449801408516,0.245615524627105,0.384,0.17221789319036063,0.5895255053653665,us
23,184,130.5,0.002394078080257751,-0.03970449423050991,0.9784365339192844,-0.16955801022357242,0.1742047081343563,0.968,0.171786756185771,0.9827181805597417,us
24,184,130.3,-0.11019831640316698,-0.11815414844637936,0.21191591966310463,-0.2769516668325064,0.06299859402466719,0.169,0.16377878308676108,0.4075306147367396,us
0,184,218.2,0.03487680531587122,0.08240064726165937,0.6087848755010299,-0.0984063933628729,0.1669308048409539,0.607,0.1253524594472099,0.93927031579384,us_sefp02
1,184,219.4,0.00855223541923288,-0.011485041705996802,0.8998730657173102,-0.1240321293972786,0.14083658577386765,0.915,0.12342139160058888,0.93927031579384,us_sefp02
2,184,223.9,0.054604853648895654,0.037743445512511804,0.4166005365469192,-0.07706959819367303,0.18440714962740842,0.387,0.12865959038219518,0.8679177844727484,us_sefp02
3,184,221.5,-0.008747485287275487,-0.0012309529772109957,0.8971116092283005,-0.14040531954154412,0.12321432645755606,0.893,0.12519713002232832,0.93927031579384,us_sefp02
4,184,219.5,-0.018688920915842077,-0.016304829419583517,0.7833084407786304,-0.15074505552485018,0.1140225026144909,0.77,0.12208898888181229,0.93927031579384,us_sefp02
5,184,213.1,0.06644141224165723,0.10985918206160544,0.3347587468226991,-0.06856012986662109,0.19905342771354842,0.29,0.12082622226804489,0.8368968670567478,us_sefp02
6,184,217.9,0.0908606919672074,0.06660630694843096,0.18162362147809552,-0.042552341620465894,0.2210901597411586,0.179,0.13053401199002465,0.5882931567203611,us_sefp02
7,184,216.8,-0.08974148645759498,-0.0705457417503034,0.18825381015051557,-0.22035182118486266,0.04403022942651878,0.195,0.12458000914158793,0.5882931567203611,us_sefp02
8,184,219.3,0.06624481776649069,0.09214039413611758,0.32918434246684924,-0.06681907675486547,0.1969935069205548,0.307,0.13071831402205333,0.8368968670567478,us_sefp02
9,184,218.6,0.1618186511971276,0.1461597734584192,0.016516765618401763,0.029770426900799805,0.2883155746441921,0.019,0.12511208585695122,0.3543871368177631,us_sefp02
10,184,217.5,-0.10276083838264756,-0.0803317216004315,0.13099799411329638,-0.23262844981328787,0.030707133587274393,0.101,0.1257301830729066,0.5882931567203611,us_sefp02
11,184,213.2,0.02120110529788338,0.008761148889445397,0.7585372277419455,-0.11350323234917678,0.15514007146435593,0.798,0.13155274608575365,0.93927031579384,us_sefp02
12,184,226.6,0.14557948315188862,0.09425170002504285,0.02835097094542105,0.01554069368638419,0.270775471816209,0.026,0.12636307703323627,0.3543871368177631,us_sefp02
13,184,225.9,-0.10805104786250821,-0.039317293059274526,0.105303304249593,-0.2352521165123488,0.022789095581421583,0.106,0.12808000793859542,0.5882931567203611,us_sefp02
14,184,222.8,0.01262487802306809,0.031178362967386485,0.8515041442058466,-0.11899879042090655,0.14381247949350803,0.85,0.12664919070389857,0.93927031579384,us_sefp02
15,184,222.6,0.004647140326355457,0.0398431931575196,0.9450966429025527,-0.12692891690090863,0.13606248562593767,0.942,0.12970290619983293,0.9450966429025527,us_sefp02
16,184,222.2,-0.00834241763450566,0.04403883569956271,0.9016995031620865,-0.13980606148669522,0.1234102390967824,0.903,0.12991526457630836,0.93927031579384,us_sefp02
17,184,228.7,0.01126409615744415,-0.003118799483731772,0.8656175977931486,-0.1186406837604303,0.14078976852105485,0.865,0.12533023029188525,0.93927031579384,us_sefp02
18,184,236.4,0.09233044844885087,0.1071256573751228,0.15717470920286747,-0.03568115967540167,0.21736107765897156,0.174,0.12408403324445662,0.5882931567203611,us_sefp02
19,184,231.0,-0.04059081402263396,-0.027681994182350556,0.5396969555067366,-0.16878103219714352,0.08894971717652587,0.531,0.1305910213021918,0.93927031579384,us_sefp02
20,184,221.0,0.02807413939673882,0.006422530870143129,0.6784084796341843,-0.10428043534382041,0.15945161474355682,0.664,0.1312311845283848,0.93927031579384,us_sefp02
21,184,222.9,-0.059279456336394476,-0.013802469611450367,0.3788589841272012,-0.18922710384949182,0.07270883332527672,0.37,0.12980358307676623,0.8610431457436392,us_sefp02
22,184,224.2,0.10034145920195925,0.09549613762015757,0.13426433886164846,-0.03108527268606113,0.2283574163314618,0.118,0.12982552565596492,0.5882931567203611,us_sefp02
23,184,225.3,-0.03239405764379111,-0.014861975303885496,0.6289618076204035,-0.16240339918062774,0.09872083264327976,0.642,0.12322319324877892,0.93927031579384,us_sefp02
24,184,224.7,0.0323381188822187,0.05144381730269114,0.6300078411323997,-0.09894863797868862,0.16251834093521927,0.649,0.12572620017521915,0.93927031579384,us_sefp02
0,120,99.1,-0.06338481307839268,-0.02308493645392041,0.5338720896027915,-0.2575078407762155,0.13565615305666312,0.545,0.2086036489294947,0.6196848582356685,eu_usd
1,120,98.3,-0.040297924409765436,0.017792902284880893,0.6939077227405328,-0.23655401937709006,0.15911754060307945,0.714,0.21563362377020426,0.7228205445213883,eu_usd
2,120,98.7,0.10335015170666784,0.1467671366067088,0.310209248883226,-0.09631072357300012,0.2950155997532489,0.376,0.20650104324539328,0.49364851882852456,eu_usd
3,120,98.9,0.085627551380549,0.015494131536912285,0.4006310983737258,-0.1138368722430421,0.2784564232703088,0.478,0.21922274455874213,0.5564320810746192,eu_usd
4,120,97.1,0.24622234115992128,0.23513438433224526,0.014754244073551304,0.04927713812288022,0.424737008044381,0.02,0.21075606153250204,0.07377122036775652,eu_usd
5,120,91.6,0.21718675553600003,0.19764566983818319,0.03773882257033767,0.012499935930569013,0.40440395091590403,0.067,0.2269997972133979,0.11793382053230522,eu_usd
6,120,91.9,0.299008370756458,0.27545662893256473,0.0036454969842967255,0.10016122369099403,0.47488756009165245,0.006,0.22366780661748908,0.043534509632120466,eu_usd
7,120,89.0,0.2831801908526141,0.31757066462948813,0.006943928229395713,0.07958672785276864,0.46409426235811546,0.01,0.21547052491539603,0.043534509632120466,eu_usd
8,120,88.2,0.28425295639135684,0.2496145565664282,0.006965521541139275,0.07982355573370314,0.4657364450599465,0.006,0.22188950754004624,0.043534509632120466,eu_usd
9,120,86.0,0.1601022962314532,0.14262101534828805,0.14113829406948653,-0.05355024308509295,0.35973796465384245,0.143,0.20498309288102526,0.2940381126447636,eu_usd
10,120,83.9,0.23971408018836177,0.2529897909577054,0.02792419520892042,0.026499826269915056,0.4320670867632451,0.031,0.2228103440284175,0.11635081337050175,eu_usd
11,120,87.8,0.3084130105314568,0.27778317938745745,0.0033286176626221575,0.10555316369244001,0.48662874622220376,0.003,0.219508708170399,0.043534509632120466,eu_usd
12,120,87.5,0.11558389565435706,0.11584832280019443,0.2858677368548892,-0.09681911887786408,0.3179176522433599,0.307,0.21845732666944775,0.49364851882852456,eu_usd
13,120,88.0,0.16023681768610978,0.10127786651850822,0.13626541644062318,-0.05096204017560634,0.35771724414921946,0.163,0.21806451806922572,0.2940381126447636,eu_usd
14,120,86.9,0.16741303645146413,0.15452461976526147,0.12166006353557246,-0.044971697915896496,0.36531851509233804,0.146,0.21746684966430016,0.2940381126447636,eu_usd
15,120,88.9,0.20933645298198758,0.20489617334537116,0.0489046417711172,0.001016530832843209,0.4002428284954141,0.06,0.2230946355861238,0.1358462271419922,eu_usd
16,120,91.4,0.22078407482268034,0.1931175776095562,0.03482639647552155,0.01599362111746333,0.40779658834615284,0.045,0.21259743872277825,0.11793382053230522,eu_usd
17,120,93.6,0.06020756695215454,0.0018542954371831375,0.5660513624481294,-0.14457936683026232,0.2600486028525001,0.591,0.21949611596935045,0.6196848582356685,eu_usd
18,120,95.0,0.08757836171804223,0.06345579554135702,0.3995759778467365,-0.11596842773801855,0.2840657225114844,0.443,0.21691360667472662,0.5564320810746192,eu_usd
19,120,98.6,0.12128672250667084,0.20039586082366828,0.23333115843033125,-0.07839982029535271,0.3116163112934873,0.277,0.21802235104108672,0.4487137662121755,eu_usd
20,120,96.4,-0.05870169994577249,-0.09424960066671295,0.5701100695768151,-0.25579530430462905,0.14307710143648897,0.583,0.2114424540147647,0.6196848582356685,eu_usd
21,120,99.7,-0.07123431796576592,-0.05262865476769219,0.4828024340651993,-0.2642170547018481,0.12723290412410965,0.545,0.21835789638830694,0.6196848582356685,eu_usd
22,120,105.3,-0.061980161751588006,-0.018473505104521146,0.5301431600331101,-0.25037684610141997,0.1309392824770403,0.574,0.21341607699451842,0.6196848582356685,eu_usd
23,120,102.2,-0.10032781239275826,-0.07967914438502673,0.31593505205025574,-0.28894318909058103,0.09578527403477247,0.385,0.21336375999669124,0.49364851882852456,eu_usd
24,120,99.6,-0.015527997818936077,-0.0026807417181748732,0.8786955359930604,-0.21170656143252253,0.18185340609448286,0.899,0.21335316654158473,0.8786955359930605,eu_usd
0,71,46.2,-0.12056674680058864,-0.13329979879275652,0.4259197840012945,-0.3964314027836673,0.1752671187578807,0.584,0.3147974762959288,0.5982881497466914,eu_eur
1,70,45.1,-0.12082380584942433,-0.059924765987227714,0.4307674678176179,-0.39984539055016216,0.1786917654093482,0.553,0.33185376859746,0.5982881497466914,eu_eur
2,69,44.1,0.04932425722215788,0.13273657289002558,0.7516603244145792,-0.25090950938783063,0.3409011504919204,0.83,0.3218323859998423,0.8170220917549773,eu_eur
3,68,42.9,0.11098962747310595,0.01881894873458793,0.4813288877752986,-0.1961845247681973,0.398326949968848,0.584,0.313842508545626,0.6333274839148665,eu_eur
4,67,44.2,0.25819410687400945,0.3102801500518797,0.08995157202894144,-0.04116036739047569,0.5150131051871119,0.136,0.3195539041730451,0.22487893007235363,eu_eur
5,66,38.3,0.3445709365624467,0.3391921511324497,0.032885786106406245,0.02920429385584698,0.5975498358245626,0.031,0.31818785339584355,0.22487893007235363,eu_eur
6,65,39.8,0.38178539585582894,0.34309440559440557,0.014706305301549705,0.07888485654615947,0.6201488711572893,0.016,0.3309380320011792,0.22487893007235363,eu_eur
7,64,40.8,0.30793282269659494,0.3840201465201465,0.05039221409101735,-0.0005498566789966023,0.5629012482485989,0.064,0.3188630565354394,0.22487893007235363,eu_eur
8,63,41.5,0.3028781624335061,0.2895545314900153,0.052433650309096524,-0.0032958367702271714,0.5571334640419044,0.067,0.318887032895806,0.22487893007235363,eu_eur
9,62,39.3,0.27699471315923624,0.2783359774369822,0.08642176309063543,-0.04068864977058793,0.5438168099251594,0.116,0.3203797595189632,0.22487893007235363,eu_eur
10,61,37.1,0.21797749654145993,0.22987837123215227,0.19581967583642768,-0.11364142954537054,0.505895441824464,0.235,0.31930335239373636,0.3442080690163792,eu_eur
11,60,37.3,0.2835522218733618,0.22056126701861634,0.08792349625090301,-0.04329012834874256,0.5555673386692385,0.087,0.32274109053359673,0.22487893007235363,eu_eur
12,59,37.0,0.08745074551540037,0.06785505552308592,0.6089832368213626,-0.24328841188100045,0.39997222224028683,0.644,0.34066070544729676,0.6920264054788211,eu_eur
13,58,37.0,0.24096957401269214,0.20083669137777233,0.15180469693330312,-0.09010787585516761,0.5240880672224648,0.189,0.33311789037481343,0.2919321094871214,eu_eur
14,57,36.5,0.18332707962975206,0.13501425978739956,0.2830595568579941,-0.1519463258638716,0.4807650160500364,0.33,0.330796305526218,0.4422805575906158,eu_eur
15,56,35.0,0.09868749341705356,0.07621326042378675,0.5755434791032266,-0.24264483876455867,0.41827716440221285,0.621,0.3456247979765818,0.685170808456222,eu_eur
16,55,36.0,0.10368152428383688,0.039610389610389624,0.5502517005214964,-0.2329893883685184,0.41815919925907197,0.627,0.3528782008490269,0.685170808456222,eu_eur
17,54,35.3,0.016396287935355736,-0.09464455879550218,0.9257637674585892,-0.3172053564384514,0.34638697652263456,0.936,0.35321955238838415,0.9257637674585892,eu_eur
18,53,35.2,0.041507090625594836,-0.03757458474439606,0.8135947465180307,-0.29468824830324053,0.3685589916598372,0.86,0.3539491834540692,0.8474945276229486,eu_eur
19,52,35.2,-0.218850591420948,-0.19311875693673697,0.20652484140982752,-0.5136010025213799,0.1220994261479633,0.304,0.35898427078803957,0.3442080690163792,eu_eur
20,51,34.0,-0.2967913307001265,-0.2731221719457013,0.0886019477389699,-0.5771710414541853,0.04618266250932476,0.124,0.35557728251681997,0.22487893007235363,eu_eur
21,50,33.0,-0.3679576942677662,-0.41800720288115245,0.034476239364816585,-0.6315058629242284,-0.028193413348655893,0.053,0.371054486857904,0.22487893007235363,eu_eur
22,49,32.4,-0.3402398708096498,-0.3016326530612245,0.054788574039830396,-0.6144296685660281,0.007279018992271417,0.074,0.37245380456270266,0.22487893007235363,eu_eur
23,48,31.4,-0.2719555932688877,-0.26964828484585324,0.13701673514568924,-0.5694371999122794,0.08850858736237789,0.183,0.3695486413174524,0.28545153155351927,eu_eur
24,47,31.9,-0.2847730166328407,-0.3551110083256244,0.11566129864323571,-0.5768529408222441,0.07187175022164936,0.15,0.36769597724028336,0.2628665878255357,eu_eur
0,186,152.1,0.0915407433103847,0.10533593797350911,0.26227927027999964,-0.06859421542156437,0.24707718977517157,0.349,0.18327843827295853,0.9339871059062419,br_usd
1,186,148.0,0.15557543962242573,0.13688254409317027,0.058947457974046547,-0.005931028022144467,0.30917179404504047,0.097,0.18517109883528574,0.7368432246755818,br_usd
2,186,147.6,0.06317835725009795,0.06440889742597522,0.4468354730303705,-0.09940851559810195,0.22247944243532247,0.523,0.17870837878827092,0.9339871059062419,br_usd
3,186,147.1,-0.010420647066663236,-0.017972949661754212,0.9004444227541117,-0.17196625395638201,0.15167075157372462,0.907,0.17744441297437083,0.9837620740650215,br_usd
4,186,148.3,-0.062488028529743,-0.037753917450312126,0.4506613493563889,-0.2214208578666559,0.09967850887190696,0.493,0.1743645859833807,0.9339871059062419,br_usd
5,186,146.7,0.029780292705781954,0.018554797681932404,0.7210196687328176,-0.13292350676714337,0.1909211330962094,0.731,0.1825344063765163,0.9339871059062419,br_usd
6,186,147.1,0.006033623630985653,-0.025868925679172358,0.9422666395628652,-0.15597772915807304,0.1677288457310443,0.947,0.17310685056419045,0.9837620740650215,br_usd
7,186,146.7,-0.02839658337877426,-0.06245821464037782,0.7334556031668824,-0.18956910778313116,0.13426607494546272,0.737,0.16773830638970086,0.9339871059062419,br_usd
8,186,143.7,-0.023040775065000126,-0.03227484859363417,0.7845491689612432,-0.18606284766888906,0.1412158999928838,0.801,0.16994978560462018,0.9339871059062419,br_usd
9,186,143.6,0.050461734694171444,0.06342609644317423,0.5493217277604492,-0.11431233375776186,0.21253373485777957,0.556,0.1745522445455165,0.9339871059062419,br_usd
10,186,143.2,-0.025359029514944165,-0.055518931040752666,0.7639243501455941,-0.18861058072113926,0.139256381743108,0.784,0.17900351778863333,0.9339871059062419,br_usd
11,186,142.7,0.0017220373773133865,-0.041815664206556045,0.9837620740650215,-0.1626562006946086,0.1660072682212724,0.99,0.17475372402299386,0.9837620740650215,br_usd
12,186,136.9,-0.03026537021490488,-0.0528110998699234,0.7260716058107921,-0.19702954952320742,0.1382009275526705,0.741,0.17429162986584357,0.9339871059062419,br_usd
13,186,141.3,0.003435416862363466,-0.017564537109129138,0.9677698230157528,-0.1617772377755956,0.16846074101068365,0.967,0.17217279982156858,0.9837620740650215,br_usd
14,186,141.3,0.043852179115876085,-0.008333294481302071,0.6058222424119037,-0.12216869313343139,0.2074858313435877,0.611,0.17166894894242946,0.9339871059062419,br_usd
15,186,141.6,-0.026134541665847926,-0.04571329998274969,0.7583003082599342,-0.19029568605424207,0.1394483666514532,0.746,0.1729739534035281,0.9339871059062419,br_usd
16,186,140.8,-0.11878980000927769,-0.12445300225186372,0.16117640634748387,-0.27873842980329877,0.04757111693829075,0.203,0.17689205359164886,0.9339871059062419,br_usd
17,186,139.8,-0.059396447064406666,-0.044090839157252815,0.48671468298123854,-0.22321703727381031,0.10768722396913118,0.488,0.18012217201909292,0.9339871059062419,br_usd
18,186,143.6,-0.09173656932039978,-0.07847581927278321,0.27527926669215774,-0.2517387857726956,0.0731470692593339,0.297,0.16975757673903782,0.9339871059062419,br_usd
19,186,145.5,-0.07633780174391482,-0.08841199315582617,0.3611358034556653,-0.23610883588115142,0.08745199897989195,0.401,0.17771077009216785,0.9339871059062419,br_usd
20,186,148.5,0.05555420232715796,-0.00024896381632624515,0.5022768220416718,-0.10644695101251939,0.21468223325779212,0.51,0.17200747000198405,0.9339871059062419,br_usd
21,186,150.2,0.07563625120628772,0.02827650835240968,0.35793378856397107,-0.08557692089597523,0.232989940517102,0.421,0.1808913343113516,0.9339871059062419,br_usd
22,186,149.4,0.05201405807667575,0.02302122719580025,0.5287993045717636,-0.10950689798190005,0.2108587505899147,0.592,0.17514109843308326,0.9339871059062419,br_usd
23,186,149.0,0.15518652373032016,0.10263556639268215,0.05870682061260046,-0.005761573925836816,0.308297385776041,0.086,0.17566208672870007,0.7368432246755818,br_usd
24,186,149.1,0.052367788262532494,0.04438735785984363,0.5263786713845842,-0.10930486645072683,0.21134116363034597,0.588,0.17897569775603434,0.9339871059062419,br_usd
0,78,60.8,0.0046133337364867594,0.009269211800857371,0.9720254263260781,-0.24795564306016535,0.2565950873255956,0.963,0.24759280732820924,0.9720254263260781,br_brl
1,77,58.0,0.09805046676958244,0.13239392186760607,0.4657105555623846,-0.16442428361630057,0.3475580132775629,0.47,0.2506385075517351,0.9200555183883702,br_brl
2,76,58.1,0.15480665718243894,0.20062884483937116,0.24670141786793787,-0.1075752147898154,0.3970280604778824,0.261,0.2581110365471108,0.9200555183883702,br_brl
3,75,60.3,0.04843083281596182,0.09951635846372689,0.7135913559659852,-0.20730845376454232,0.29797406764068973,0.736,0.27731907132765704,0.9200555183883702,br_brl
4,74,61.0,0.09973118650967569,0.15503887449092926,0.4460147557579539,-0.15600810859580388,0.3429396914801346,0.479,0.27235173259562157,0.9200555183883702,br_brl
5,73,59.5,0.20772621238660502,0.2553992348512897,0.11321666461549862,-0.05001176639942366,0.4395244270131317,0.135,0.26413958995005654,0.7076041538468664,br_brl
6,72,61.2,0.23419956989862536,0.2355778506656377,0.06879732525790772,-0.018389466246761965,0.45868754775588433,0.101,0.2678919130332953,0.6555306464710401,br_brl
7,71,60.5,0.263780737372894,0.27240107310529843,0.04041984234259477,0.011788941271283639,0.48426856993684464,0.065,0.27521489967143253,0.6555306464710401,br_brl
8,70,57.3,0.23414596343943214,0.159478610795206,0.07866367757652482,-0.027331281823139066,0.46563390318533604,0.091,0.2660805324781603,0.6555306464710401,br_brl
9,69,57.2,0.06667229487507274,0.0027036901717208627,0.6228822131378262,-0.19675339561530744,0.32112023963376957,0.65,0.2736294337803704,0.9200555183883702,br_brl
10,68,57.7,-0.07291158154597685,-0.15448333778676945,0.5890939156735946,-0.3257624889177512,0.1896729618019551,0.633,0.2774096608595399,0.9200555183883702,br_brl
11,67,58.2,-0.01960074136998793,-0.05958177029292043,0.8841851861385246,-0.2760248175629339,0.23942814678810348,0.917,0.277476068953742,0.9210262355609631,br_brl
12,66,51.6,0.10256049758097248,0.04406638137981422,0.47302598069707824,-0.17634345366928297,0.3662203692353727,0.502,0.2922741405210097,0.9200555183883702,br_brl
13,65,57.1,0.056948573802944706,0.022290209790209792,0.6750359418544165,-0.2065029266670343,0.31270090458691113,0.698,0.28607476274283605,0.9200555183883702,br_brl
14,64,60.2,-0.08545451325100427,-0.07458791208791207,0.5170108083617215,-0.33174243086581406,0.1717390468838308,0.583,0.28861873541688376,0.9200555183883702,br_brl
15,63,58.0,-0.037846088788937214,-0.03110599078341014,0.7788946263143799,-0.29332104771188305,0.22267388986235592,0.808,0.30027813366128,0.9200555183883702,br_brl
16,62,57.0,-0.03897446276067671,-0.04233084032132155,0.7744923566957804,-0.296572607506556,0.22391030677618035,0.784,0.29576758953279375,0.9200555183883702,br_brl
17,61,55.4,0.026733439255855296,0.013326282390269697,0.8464510769173006,-0.23918103286419629,0.28891761133393695,0.865,0.2820260831347567,0.9200555183883702,br_brl
18,60,55.0,-0.032607298982603304,-0.06068352320088915,0.8139532576427992,-0.2952368385272525,0.23460370946112874,0.84,0.2985521601935272,0.9200555183883702,br_brl
19,59,57.0,-0.10114949191423801,-0.15552308591466982,0.45582500091947864,-0.35246574518362533,0.16377502378264677,0.513,0.2880810814625515,0.9200555183883702,br_brl
20,58,57.7,-0.04789042915855753,-0.0859761912085884,0.7229783365568401,-0.30309660531097904,0.21372534854195127,0.74,0.30377488283548143,0.9200555183883702,br_brl
21,57,54.7,-0.035503978563756526,-0.055029815919108126,0.7983619305294309,-0.29864133268232534,0.23265011729543453,0.805,0.3101188868601265,0.9200555183883702,br_brl
22,56,53.4,-0.14131434911742818,-0.190704032809296,0.31226994008440156,-0.3954292681035675,0.13289567412546915,0.352,0.2950258271579387,0.9200555183883702,br_brl
23,55,51.9,0.08945475246340963,-0.013780663780663782,0.5303264744621026,-0.18819322281398576,0.35386261856512524,0.545,0.29034033136096227,0.9200555183883702,br_brl
24,54,51.1,0.028325268827553565,-0.11644749380598435,0.8441727690707743,-0.24885332773236635,0.30121541719082484,0.848,0.2944975302363521,0.9200555183883702,br_brl
