,green_arabica,green_robusta,green_blend,green_usd_per_kg_roasted,retail_us_coffee,retail_us,retail_brazil,retail_eu,us_cpi_all_items
2010-01,3500.0,1540.0,2912.0,3.466666666666667,,,,,
2010-02,3480.0,1500.0,2886.0,3.435714285714286,,,,,
2010-03,3630.0,1480.0,2985.0,3.5535714285714284,,,,,
2010-04,3730.0,1580.0,3085.0,3.672619047619048,,,,,
2010-05,3820.0,1560.0,3142.0,3.7404761904761905,,,,,
2010-06,4210.0,1700.0,3457.0,4.1154761904761905,,,,,
2010-07,4480.0,1880.0,3700.0,4.404761904761905,,,,,
2010-08,4660.0,1820.0,3808.0,4.533333333333333,,,,,
2010-09,4910.0,1790.0,3974.0,4.730952380952381,,,,,
2010-10,4800.0,1880.0,3924.0,4.671428571428572,,,,,
2010-11,5150.0,2030.0,4214.0,5.0166666666666675,,,,,
2010-12,5470.0,2070.0,4450.0,5.297619047619048,,,,,
2011-01,5820.0,2230.0,4743.0,5.646428571428572,193.825,124.288,5616927.034,,
2011-02,6350.0,2410.0,5168.0,6.152380952380953,194.494,125.365,5629845.9662,,
2011-03,6440.0,2600.0,5288.0,6.295238095238096,201.2,125.172,5672069.8109,,
2011-04,6620.0,2590.0,5411.0,6.441666666666666,209.01,125.115,5704967.8158,,
2011-05,6420.0,2690.0,5301.0,6.310714285714286,212.938,126.068,5740909.113,,
2011-06,6060.0,2600.0,5022.0,5.978571428571429,217.118,126.144,5725982.7494,,
2011-07,5910.0,2490.0,4884.0,5.814285714285715,221.841,125.081,5706514.408,,
2011-08,5960.0,2470.0,4913.0,5.848809523809524,223.444,125.36,5747601.3117,,
2011-09,6060.0,2340.0,4944.0,5.885714285714286,221.485,125.913,5784385.9601,,
2011-10,5460.0,2160.0,4470.0,5.321428571428571,222.399,125.368,5816778.5215,,
2011-11,5400.0,2140.0,4422.0,5.264285714285714,224.707,125.832,5879599.7295,,
2011-12,5220.0,2170.0,4305.0,5.125,223.709,126.803,5951918.8062,,
2012-01,5230.0,2130.0,4300.0,5.119047619047619,223.284,126.364,6003105.308,,
2012-02,4940.0,2250.0,4133.0,4.920238095238095,221.591,126.446,6014511.208,,
2012-03,4440.0,2280.0,3792.0,4.514285714285714,220.653,125.388,6029547.4861,,
2012-04,4220.0,2240.0,3626.0,4.316666666666666,220.758,127.003,6060298.1782,,
2012-05,4070.000000000001,2360.0,3557.0000000000005,4.23452380952381,218.626,124.298,6104538.3549,,
2012-06,3720.0,2330.0,3303.0,3.9321428571428574,216.898,126.763,6146049.2158,,
2012-07,4200.0,2360.0,3648.0,4.342857142857143,215.79,125.797,6201978.2636,,
2012-08,3850.0,2350.0,3400.0,4.0476190476190474,215.396,126.374,6256555.6723,,
2012-09,3950.0,2310.0,3458.0,4.116666666666667,214.924,126.466,6335388.2738,,
2012-10,3820.0,2300.0,3364.0,4.004761904761905,213.988,126.374,6421549.5543,,
2012-11,3530.0,2150.0,3116.0,3.7095238095238097,213.159,125.691,6472279.7958,,
2012-12,3370.0,2130.0,2998.0,3.5690476190476192,213.91,126.541,6538944.2777,,
2013-01,3470.0,2200.0,3089.0,3.6773809523809526,212.082,127.677,6669069.2688,,
2013-02,3300.0,2290.0,2997.0,3.567857142857143,212.289,127.377,6765770.7732,,
2013-03,3300.0,2340.0,3012.0,3.585714285714286,209.945,127.519,6842900.56,,
2013-04,3300.0,2240.0,2982.0,3.5500000000000003,206.505,128.203,6908592.4054,,
2013-05,3240.0,2190.0,2925.0,3.482142857142857,206.163,127.129,6930009.0419,,
2013-06,3050.0,2000.0,2735.0,3.255952380952381,205.128,126.935,6932781.0455,,
2013-07,3050.0,2100.0,2765.0,3.291666666666667,205.044,127.036,6909902.868,,
2013-08,2980.0,2070.0,2707.0,3.2226190476190477,200.821,127.133,6910593.8583,,
2013-09,2920.0,1940.0,2626.0,3.126190476190476,200.266,127.73,6920268.6897,,
2013-10,2840.0,1850.0,2543.0,3.0273809523809527,200.216,129.212,6991547.4572,,
2013-11,2690.0,1760.0,2411.0,2.8702380952380953,200.068,127.349,7030700.123,,
2013-12,2780.0,1940.0,2528.0,3.0095238095238095,197.828,127.355,7093273.3541,,
2014-01,2930.0,1930.0,2630.0,3.130952380952381,196.557,128.786,7152856.8503,,
2014-02,3830.0,2110.0,3314.0,3.9452380952380954,195.805,128.016,7192912.8486,,
2014-03,4720.0,2320.0,4000.0,4.761904761904762,197.648,127.881,7331016.7753,,
2014-04,4930.0,2330.0,4150.0,4.940476190476191,197.192,129.106,7418255.8749,,
2014-05,4720.0,2270.0,3985.0,4.7440476190476195,197.848,128.762,7461281.759,,
2014-06,4360.0,2180.0,3706.0,4.411904761904762,199.389,127.524,7453074.3491,,
2014-07,4340.0,2240.0,3710.0,4.416666666666667,201.143,128.155,7441894.7376,,
2014-08,4700.0,2210.0,3953.0,4.705952380952381,204.418,127.021,7430731.8955,,
2014-09,4640.0,2220.0,3914.0,4.65952380952381,205.056,127.953,7488691.6042,,
2014-10,4970.0,2310.0,4172.0,4.966666666666667,204.966,128.489,7523139.5856,,
2014-11,4620.0,2270.0,3915.0,4.660714285714286,206.215,129.195,7581067.7604,,
2014-12,4340.0,2200.0,3698.0,4.402380952380953,205.744,128.569,7662943.2922,,
2015-01,4190.0,2160.0,3581.0,4.2630952380952385,208.35,128.175,7776354.853,,
2015-02,3940.0,2170.0,3409.0,4.058333333333334,207.385,130.003,7839343.3273,,
2015-03,3540.0,2030.0,3087.0,3.6750000000000003,206.93,128.157,7931063.6442,,
2015-04,3620.0,2030.0,3143.0,3.7416666666666667,208.786,127.463,8007994.9616,,
2015-05,3490.0,1930.0,3022.0,3.5976190476190477,206.467,125.558,8117704.4925,,
2015-06,3520.0,1990.0,3061.0,3.644047619047619,204.484,127.504,8168846.0308,,
2015-07,3410.0,1920.0,2963.0,3.5273809523809527,206.821,127.377,8221943.53,,
2015-08,3460.0,1890.0,2989.0,3.558333333333333,205.349,128.431,8221121.3357,,
2015-09,3220.0,1800.0,2794.0,3.3261904761904764,204.051,127.241,8240852.0269,,
2015-10,3380.0,1820.0,2912.0,3.466666666666667,203.45,127.409,8304306.5875,,
2015-11,3260.0,1800.0,2822.0,3.3595238095238096,201.762,128.314,8456275.398,,
2015-12,3280.0,1750.0,2821.0,3.358333333333334,202.492,129.259,8583119.529,98.415,
2016-01,3200.0,1650.0,2735.0,3.255952380952381,202.882,129.233,8778814.6543,98.654,
2016-02,3260.0,1630.0,2771.0,3.2988095238095236,201.77,130.235,8871870.0896,98.618,
2016-03,3470.0,1670.0,2930.0,3.4880952380952386,200.018,128.329,8981881.2787,98.578,
2016-04,3400.0,1770.0,2911.0,3.4654761904761906,199.833,129.618,9079783.7847,98.968,
2016-05,3420.0,1850.0,2949.0,3.5107142857142857,200.845,128.144,9150606.0982,98.186,
2016-06,3650.0,1890.0,3122.0,3.716666666666667,199.67,125.658,9215575.4015,98.331,
2016-07,3790.0,2000.0,3253.0,3.872619047619048,198.417,128.159,9337220.9968,98.32,
2016-08,3690.0,2020.0,3189.0,3.7964285714285717,197.46,128.952,9365232.6598,98.445,
2016-09,3890.0,2140.0,3365.0,4.005952380952381,198.135,128.61,9338073.4851,98.726,
2016-10,3950.0,2290.0,3452.0,4.10952380952381,197.531,127.567,9333404.4483,98.444,
2016-11,4060.0,2290.0,3529.0,4.201190476190476,198.789,129.004,9314737.6394,98.657,
2016-12,3570.0,2250.0,3174.0,3.7785714285714285,196.176,129.127,9322189.4295,98.179,
2017-01,3720.0,2390.0,3321.0,3.9535714285714287,197.897,128.863,9354817.0925,99.494,242.839
2017-02,3670.0,2350.0,3274.0,3.897619047619048,200.139,131.16,9312720.4156,100.275,243.603
2017-03,3530.0,2350.0,3176.0,3.7809523809523813,199.723,128.697,9344383.665,100.344,243.801
2017-04,3430.0,2280.0,3085.0,3.672619047619048,200.831,128.674,9398581.0903,99.904,244.524
2017-05,3310.0,2170.0,2968.0,3.533333333333333,202.335,127.757,9365686.0565,100.501,244.733
2017-06,3160.0,2250.0,2887.0,3.436904761904762,199.627,127.469,9318857.6262,100.655,244.955
2017-07,3300.0,2310.0,3003.0,3.575,199.212,128.96,9275058.9953,100.992,244.786
2017-08,3300.0,2300.0,3000.0,3.5714285714285716,196.051,127.118,9175815.8641,100.828,245.519
2017-09,3230.0,2190.0,2918.0,3.473809523809524,198.913,126.761,9138195.0191,101.063,246.819
2017-10,3100.0,2170.0,2821.0,3.358333333333334,198.472,129.462,9133625.9215,100.377,246.663
2017-11,3110.0,2010.0,2780.0,3.3095238095238093,196.742,128.449,9098918.143,100.293,246.669
2017-12,3030.0,1930.0,2700.0,3.2142857142857144,199.586,129.257,9148052.301,99.953,246.524
2018-01,3060.0,1950.0,2727.0,3.2464285714285714,195.746,129.468,9215747.888,101.282,247.867
2018-02,3000.0,1970.0,2691.0,3.2035714285714283,194.999,128.987,9185335.92,100.86,248.991
2018-03,2980.0,1940.0,2668.0,3.1761904761904765,196.505,128.167,9191765.6552,100.94,249.554
2018-04,2960.0,1950.0,2657.0,3.1630952380952384,194.228,128.895,9200038.2442,101.337,250.546
2018-05,2990.0,1960.0,2681.0,3.191666666666667,194.439,128.056,9229478.3666,100.725,251.588
2018-06,2950.0,1900.0,2635.0,3.136904761904762,193.63,126.808,9416836.7775,101.147,251.989
2018-07,2880.0,1860.0,2574.0,3.064285714285714,194.479,128.975,9405536.5733,100.732,252.006
2018-08,2760.0,1780.0,2466.0,2.935714285714286,194.42,128.885,9373557.749,100.803,252.146
2018-09,2670.0,1690.0,2376.0,2.8285714285714287,194.71,128.418,9382931.3067,100.419,252.439
2018-10,3030.0,1880.0,2685.0,3.1964285714285716,194.784,129.261,9438290.6014,99.819,252.885
2018-11,3020.0,1840.0,2666.0,3.1738095238095236,194.724,127.999,9475099.9348,100.41,252.038
2018-12,2800.0,1710.0,2473.0,2.944047619047619,195.735,129.512,9516790.3745,99.528,251.233
2019-01,2830.0,1720.0,2497.0,2.9726190476190477,194.41,129.348,9602441.4879,100.174,251.712
2019-02,2830.0,1730.0,2500.0,2.9761904761904763,193.907,129.384,9677340.5315,100.503,252.776
2019-03,2730.0,1700.0,2421.0,2.882142857142857,193.174,128.834,9809920.0968,100.283,254.202
2019-04,2670.0,1620.0,2355.0,2.803571428571429,192.869,130.401,9871722.5934,99.308,255.548
2019-05,2660.0,1570.0,2333.0,2.7773809523809527,192.145,130.993,9816440.9468,99.918,256.092
2019-06,2860.0,1630.0,2491.0,2.9654761904761906,194.122,129.252,9791899.8445,99.315,256.143
2019-07,2990.0,1630.0,2582.0,3.0738095238095235,193.076,131.062,9792879.0345,99.606,256.571
2019-08,2780.0,1560.0,2414.0,2.8738095238095243,194.166,129.631,9758603.9578,99.794,256.558
2019-09,2840.0,1560.0,2456.0,2.923809523809524,192.801,130.681,9716641.9608,99.817,256.759
2019-10,2800.0,1510.0,2413.0,2.8726190476190476,191.644,130.514,9721500.2818,99.366,257.346
2019-11,3110.0,1620.0,2663.0,3.170238095238095,195.298,130.633,9791495.0838,99.593,257.208
2019-12,3460.0,1610.0,2905.0,3.458333333333333,191.309,130.685,10122447.6177,98.039,256.974
2020-01,3130.0,1560.0,2659.0,3.1654761904761903,191.4,129.74,10161925.1634,99.643,257.971
2020-02,2990.0,1500.0,2543.0,3.0273809523809527,192.144,131.831,10173103.2811,99.413,258.678
2020-03,3270.0,1490.0,2736.0,3.2571428571428576,193.784,131.954,10288059.3481,99.239,258.115
2020-04,3410.0,1410.0,2810.0,3.3452380952380953,195.979,133.88,10472215.6105,98.928,256.389
2020-05,3300.0,1420.0,2736.0,3.2571428571428576,193.725,134.307,10497348.9279,99.867,256.394
2020-06,3120.0,1420.0,2610.0,3.107142857142857,195.799,132.816,10537238.8539,99.77,257.797
2020-07,3240.0,1490.0,2715.0,3.232142857142857,194.372,132.234,10538292.5777,98.819,259.101
2020-08,3600.0,1600.0,3000.0,3.5714285714285716,194.621,133.963,10620491.2598,98.747,259.918
2020-09,3670.0,1600.0,3049.0,3.6297619047619047,194.296,132.814,10862638.4606,97.699,260.28
2020-10,3350.0,1510.0,2798.0,3.330952380952381,195.731,131.207,11072287.3829,98.508,260.388
2020-11,3320.0,1600.0,2804.0,3.3380952380952382,192.684,132.682,11353523.4824,98.267,260.229
2020-12,3480.0,1590.0,2913.0,3.467857142857143,195.931,134.04,11551074.791,97.244,260.474
2021-01,3540.0,1560.0,2946.0,3.5071428571428576,195.744,133.823,11668895.7538,99.213,261.582
2021-02,3670.0,1620.0,3055.0,3.6369047619047623,195.428,133.531,11700401.7724,99.268,263.014
2021-03,3680.0,1630.0,3065.0,3.6488095238095237,195.102,134.073,11715612.2947,99.155,264.877
2021-04,3720.0,1640.0,3096.0,3.685714285714286,196.03,133.933,11762474.7439,100.241,267.054
2021-05,4110.0,1760.0,3405.0,4.053571428571429,196.522,133.502,11814229.6327,99.544,269.195
2021-06,4240.0,1870.0,3529.0,4.201190476190476,196.756,135.956,11865030.8202,99.645,271.696
2021-07,4500.0,2080.0,3774.0,4.492857142857143,195.333,136.74,11936221.0051,100.21,273.003
2021-08,4770.0,2100.0,3969.0,4.725,198.653,137.734,12102134.477,99.717,273.567
2021-09,4970.0,2310.0,4172.0,4.966666666666667,202.1,136.086,12225576.2487,99.882,274.31
2021-10,5310.0,2320.0,4413.0,5.253571428571429,204.89,136.396,12368615.4908,100.402,276.589
2021-11,5710.0,2410.0,4720.0,5.619047619047619,206.686,134.459,12363668.0446,101.067,277.948
2021-12,5910.0,2480.0,4881.0,5.810714285714286,208.305,133.585,12467522.8562,101.365,278.802
2022-01,5980.0,2430.0,4915.0,5.851190476190476,212.304,135.107,12605912.3599,102.728,281.148
2022-02,6170.0,2410.0,5042.0,6.002380952380952,215.635,138.445,12767268.0381,104.074,283.716
2022-03,5700.0,2290.0,4677.0,5.567857142857142,217.092,140.383,13076235.9246,105.312,287.504
2022-04,5850.0,2290.0,4782.0,5.692857142857143,222.541,143.035,13345606.3847,107.131,289.109
2022-05,5740.0,2270.0,4699.0,5.594047619047619,226.664,143.122,13409665.2953,109.844,292.296
2022-06,6030.0,2290.0,4908.0,5.842857142857143,228.279,144.602,13516942.6177,111.024,296.311
2022-07,5640.0,2210.0,4611.0,5.489285714285714,234.858,148.003,13692662.8717,111.418,296.276
2022-08,5920.0,2420.0,4870.0,5.797619047619048,233.863,148.342,13725525.2626,113.378,296.171
2022-09,5900.0,2460.0,4868.0,5.795238095238096,233.667,148.962,13655525.0838,114.052,296.808
2022-10,5290.0,2270.0,4384.0,5.21904761904762,235.31,148.856,13753844.8644,114.693,298.012
2022-11,4720.0,2040.0,3916.0,4.661904761904762,236.602,150.678,13826740.2422,115.296,297.711
2022-12,4630.0,2050.0,3856.0,4.59047619047619,238.052,150.794,13917996.7278,115.911,296.797
2023-01,4560.0,2120.0,3828.0,4.557142857142857,239.113,151.576,14000112.9085,117.385,299.17
2023-02,5060.0,2290.0,4229.0,5.03452380952381,240.092,154.026,14022513.0891,116.952,300.84
2023-03,4900.0,2350.0,4135.0,4.9226190476190474,239.538,155.101,14029524.3457,116.973,301.836
2023-04,5060.0,2550.0,4307.0,5.127380952380953,237.385,154.96,14129133.9685,117.131,303.363
2023-05,4850.0,2700.0,4205.0,5.005952380952381,237.633,154.743,14151740.5829,117.18,304.127
2023-06,4570.0,2910.0,4072.0,4.847619047619048,236.236,157.364,14058339.095,117.868,305.109
2023-07,4270.0,2810.0,3832.0,4.561904761904762,236.985,156.992,13993670.7352,117.999,305.691
2023-08,4120.0,2750.0,3709.0,4.41547619047619,236.081,156.376,13874724.5339,117.737,307.026
2023-09,4050.0,2730.0,3654.0,4.35,237.178,157.672,13776213.9897,118.413,307.789
2023-10,4050.0,2620.0,3621.0,4.310714285714286,236.339,155.271,13818920.2531,118.064,307.671
2023-11,4350.0,2700.0,3855.0,4.589285714285714,236.112,156.047,13905979.4507,118.402,307.051
2023-12,4650.0,2990.0,4152.0,4.942857142857143,234.009,156.322,14060335.8226,117.97,306.746
2024-01,4470.0,3260.0,4107.0,4.889285714285715,235.693,156.204,14254368.4569,117.993,308.417
2024-02,4600.0,3380.0,4234.0,5.04047619047619,233.308,160.669,14389784.9573,117.891,310.326
2024-03,4610.0,3660.0,4325.0,5.148809523809525,234.239,158.268,14466050.8176,118.245,312.332
2024-04,5270.0,4230.0,4958.0,5.902380952380953,232.818,159.895,14567313.1733,118.713,313.548
2024-05,5080.0,4040.0,4768.0,5.6761904761904765,232.009,160.965,14657630.515,117.995,314.069
2024-06,5480.0,4500.0,5186.0,6.173809523809524,232.82,161.512,14722124.0892,118.546,314.175
2024-07,5670.0,4730.0,5388.0,6.414285714285715,235.856,159.776,14574902.8483,120.756,314.54
2024-08,5760.0,4730.0,5451.0,6.489285714285714,231.001,162.541,14510773.2758,122.217,314.796
2024-09,6120.0,5330.0,5883.0,7.003571428571429,234.648,161.153,14583327.1422,122.579,315.301
2024-10,6100.0,4890.0,5737.0,6.829761904761905,236.373,159.959,14737910.4099,124.344,315.664
2024-11,6720.0,4980.0,6198.0,7.378571428571429,240.531,160.124,14966348.0212,124.974,315.493
2024-12,7570.0,5220.0,6865.0,8.172619047619047,242.558,160.98,15142950.9279,125.454,315.605
2025-01,7810.0,5410.0,7090.0,8.44047619047619,243.07,161.974,15288323.2568,127.036,317.671
2025-02,9050.0,5810.0,8078.0,9.616666666666667,247.336,162.74,15395341.5196,129.188,319.082
2025-03,8920.0,5690.0,7951.0,9.46547619047619,249.858,161.666,15575467.0154,132.692,319.799
2025-04,8640.0,5430.0,7677.0,9.139285714285714,255.279,164.657,15703185.8449,136.06,320.795
2025-05,8770.0,5240.0,7711.0,9.179761904761905,258.868,164.863,15729881.2608,140.197,321.465
2025-06,8010.0,4330.0,6906.0,8.221428571428572,264.002,164.005,15701567.4746,142.381,322.561
2025-07,7180.0,3690.0,6133.0,7.3011904761904765,269.919,163.955,15659173.2424,144.849,323.048
2025-08,8080.0,4390.0,6973.0,8.301190476190476,279.107,166.396,15587141.0455,148.09,323.976
2025-09,8830.0,4660.0,7579.0,9.022619047619047,279.021,163.833,15546614.4788,148.135,324.8
2025-10,8900.0,4740.0,7652.0,9.10952380952381,,,15548169.1402,149.426,
2025-11,9050.0,4740.0,7757.0,9.23452380952381,285.695,168.74,15546614.3233,149.073,324.122
2025-12,8400.0,4200.0,7140.0,8.5,290.213,167.047,15588590.182,148.532,324.054
2026-01,8020.0,4240.0,6886.0,8.197619047619048,287.458,162.293,15624443.9394,,325.252
2026-02,7080.0,3960.0,6144.0,7.314285714285715,292.749,168.012,15665067.4936,,326.785
2026-03,7370.0,3900.0,6329.0,7.53452380952381,296.592,163.147,15909442.5465,,330.213
2026-04,7300.0,3630.0,6199.0,7.379761904761905,302.396,163.876,16122629.0766,,333.02
2026-05,6950.0,3670.0,5966.0,7.102380952380953,304.217,167.238,16337060.0434,,335.123
2026-06,6790.0,3730.0,5872.0,6.9904761904761905,298.015,163.469,16297851.0993,,333.952
2026-07,7910.0,4070.000000000001,6758.0,8.045238095238096,297.782,165.244,16188655.4969,,333.918
2026-08,7970.0,3980.0,6773.0,8.063095238095238,,,,,
