,oni,nino34,neg_soi,other_milds_usd_t,robustas_usd_t,ind_arb_log,ind_arb_usd,fut_kc_usd_t,fut_rc_usd_t,fut_arb_log,fut_arb_usd,vn_usd_t,br_usd_t,b1_log,b2_log,b3_log,b3_usd,regime
1980-01,0.62,,-0.4,3810.0,3570.0,0.06506359334706246,240.0,,,,,,,,,,,neutral
1980-02,0.47,,-0.3,3710.0,3550.0,0.0440842731320199,160.0,,,,,,,,,,,neutral
1980-03,0.35,,0.4,4120.0,3720.0,0.10212949507637958,400.0,,,,,,,,,,,neutral
1980-04,0.34,,0.6,4050.0,3650.0,0.10398971352404729,400.0,,,,,,,,,,,neutral
1980-05,0.45,,0.0,4230.0,3880.0,0.08636683942300571,350.0,,,,,,,,,,,neutral
1980-06,0.4,,0.0,4050.0,3760.0,0.07429792371664412,290.0,,,,,,,,,,,neutral
1980-07,0.18,,0.0,3520.0,3280.0,0.07061756721395263,240.0,,,,,,,,,,,neutral
1980-08,-0.06,,-0.4,3100.0,2950.0,0.049596941139371964,150.0,,,,,,,,,,,neutral
1980-09,-0.17,,0.5,2860.0,2760.0,0.035590945102702776,100.0,,,,,,,,,,,neutral
1980-10,-0.07,,-0.0,2840.0,2720.0,0.043172171865209386,120.0,,,,,,,,,,,neutral
1980-11,0.08,,0.3,2600.0,2520.0,0.031252543504104224,80.0,,,,,,,,,,,neutral
1980-12,-0.05,,0.1,2720.0,2550.0,0.06453852113757108,170.0,,,,,,,,,,,neutral
1981-01,-0.27,,-0.4,2890.0,2630.0,0.0942726559346676,260.0,,,,,,,,,,,neutral
1981-02,-0.42,,0.2,2850.0,2490.0,0.1350362838039425,360.0,,,,,,,,,,,neutral
1981-03,-0.41,,1.3,2860.0,2470.0,0.1466034741918758,390.0,,,,,,,,,,,neutral
1981-04,-0.27,,0.1,2890.0,2450.0,0.1651684775677058,440.0,,,,,,,,,,,neutral
1981-05,-0.28,,-0.8,2830.0,2350.0,0.18586138349907877,480.0,,,,,,,,,,,neutral
1981-06,-0.27,,-1.2,2510.0,1860.0,0.2997062654185827,650.0,,,,,,,,,,,neutral
1981-07,-0.28,,-0.8,2670.0,1940.0,0.31939049933692143,730.0,,,,,,,,,,,neutral
1981-08,-0.23,,-0.7,2780.0,1980.0,0.3393540829961017,800.0,,,,,,,,,,,neutral
1981-09,-0.08,-0.3,-0.3,2800.0,1970.0,0.35158587443126077,830.0,,,,,,,,,,,neutral
1981-10,-0.16,-0.25,0.4,3020.0,2170.0,0.33052966383440996,850.0,,,,,,,,,,,neutral
1981-11,-0.19,-0.675,-0.2,3180.0,2310.0,0.3196336722583828,870.0,,,,,,,,,,,neutral
1981-12,-0.14,-0.36,-0.5,3130.0,2270.0,0.3212531730587509,860.0,,,,,,,,,,,neutral
1982-01,-0.05,0.1,-1.2,3180.0,2310.0,0.3196336722583828,870.0,,,,,,,,,,,neutral
1982-02,0.02,-0.22499999999999998,-0.3,3400.0,2520.0,0.2995165300987832,880.0,,,,,,,,,,,neutral
1982-03,0.07,-0.2,-0.6,3220.0,2470.0,0.2651632089164311,750.0,,,,,,,,,,,neutral
1982-04,0.34,0.05,-0.1,3120.0,2350.0,0.28341767366532356,770.0,,,,,,,,,,,neutral
1982-05,0.65,0.47500000000000003,0.3,3030.0,2280.0,0.2843871765549286,750.0,,,,,,,,,,,el_nino
1982-06,0.73,0.64,1.0,3100.0,2240.0,0.32492624562415173,860.0,,,,,,,,,,,el_nino
1982-07,0.78,0.25,1.5,2940.0,2170.0,0.3036824137982217,770.0,,,,,,,,,,,el_nino
1982-08,0.99,0.9,1.7,2930.0,2250.0,0.26407220681264665,680.0,,,,,,,,,,,el_nino
1982-09,1.45,1.3,1.7,3000.0,2410.0,0.21898554116554525,590.0,,,,,,,,,,,el_nino
1982-10,1.82,1.8,1.7,3100.0,2590.0,0.17974423577965393,510.0,,,,,,,,,,,el_nino
1982-11,2.03,1.75,2.6,3050.0,2690.0,0.1256003970055719,360.0,,,,,,,,,,,el_nino
1982-12,2.12,2.2199999999999998,2.2,2970.0,2820.0,0.05182506786458685,150.0,,,,,,,,,,,el_nino
1983-01,2.14,2.25,3.5,2870.0,2750.0,0.04271111809304973,120.0,,,,,,,,,,,el_nino
1983-02,1.91,1.875,3.6,2800.0,2680.0,0.04380262265839274,120.0,,,,,,,,,,,el_nino
1983-03,1.52,1.26,2.4,2760.0,2670.0,0.03315220731689994,90.0,,,,,,,,,,,el_nino
1983-04,1.23,0.75,0.9,2750.0,2670.0,0.029522439266321143,80.0,,,,,,,,,,,el_nino
1983-05,0.95,0.675,-0.6,2830.0,2720.0,0.03964483134724084,110.0,,,,,,,,,,,el_nino
1983-06,0.62,0.48,-0.0,2810.0,2650.0,0.05862484334752338,160.0,,,,,,,,,,,el_nino
1983-07,0.25,-0.44999999999999996,0.6,2830.0,2650.0,0.06571707165701568,180.0,,,,,,,,,,,neutral
1983-08,-0.06,-0.48,-0.1,2860.0,2650.0,0.07626198483363034,210.0,,,,,,,,,,,neutral
1983-09,-0.43,-0.45,-0.9,2920.0,2690.0,0.08204242266644268,230.0,,,,,,,,,,,neutral
1983-10,-0.76,-1.075,-0.4,3100.0,2870.0,0.07709008171957077,230.0,,,,,,,,,,,la_nina
1983-11,-0.96,-1.3,0.1,3190.0,2850.0,0.11270192251619449,340.0,,,,,,,,,,,la_nina
1983-12,-0.89,-1.275,-0.0,3230.0,2930.0,0.09747971420558965,300.0,,,,,,,,,,,la_nina
1984-01,-0.63,-1.0,-0.2,3170.0,2930.0,0.07872916486021442,240.0,,,,,,,,,,,la_nina
1984-02,-0.51,-0.24,-0.9,3220.0,3000.0,0.07076907088820761,220.0,,,,,,,,,,,la_nina
1984-03,-0.38,-0.575,0.2,3270.0,3040.0,0.07293246949103249,230.0,,,,,,,,,,,neutral
1984-04,-0.47,-0.475,-0.3,3310.0,3030.0,0.08838556986769319,280.0,,,,,,,,,,,neutral
1984-05,-0.55,-0.76,-0.2,3310.0,3230.0,0.02446605215440556,80.0,,,,,,,,,,,neutral
1984-06,-0.52,-1.05,0.3,3250.0,3170.0,0.02492340845245522,80.0,,,,,,,,,,,neutral
1984-07,-0.39,-0.725,-0.2,3180.0,3040.0,0.04502368137395507,140.0,,,,,,,,,,,neutral
1984-08,-0.22,-0.5599999999999999,-0.4,3210.0,3100.0,0.03486882565082361,110.0,,,,,,,,,,,neutral
1984-09,-0.32,-0.375,-0.1,3140.0,3120.0,0.006389798098771493,20.0,,,,,,,,,,,neutral
1984-10,-0.62,-0.86,0.3,3020.0,2980.0,0.013333530869465093,40.0,,,,,,,,,,,la_nina
1984-11,-0.95,-1.325,-0.3,3090.0,3000.0,0.029558802241545834,90.0,,,,,,,,,,,la_nina
1984-12,-1.06,-1.575,0.1,3100.0,2800.0,0.10178269430994202,300.0,,,,,,,,,,,la_nina
1985-01,-1.01,-1.3199999999999998,0.3,3210.0,2770.0,0.14742361694267636,440.0,,,,,,,,,,,la_nina
1985-02,-0.86,-0.9,-1.2,3180.0,2700.0,0.1636294237818019,480.0,,,,,,,,,,,la_nina
1985-03,-0.85,-0.975,-0.8,3260.0,2710.0,0.1847785604870067,550.0,,,,,,,,,,,la_nina
1985-04,-0.8,-1.1,-1.2,3120.0,2700.0,0.14458122881110835,420.0,,,,,,,,,,,la_nina
1985-05,-0.79,-1.1600000000000001,-0.4,3150.0,2670.0,0.16532398042538254,480.0,,,,,,,,,,,la_nina
1985-06,-0.6,-1.075,0.4,3130.0,2650.0,0.1664733645539309,480.0,,,,,,,,,,,la_nina
1985-07,-0.44,-0.8200000000000001,0.1,2980.0,2340.0,0.24177237114770378,640.0,,,,,,,,,,,neutral
1985-08,-0.33,-0.65,-1.0,2940.0,2350.0,0.22399425319452249,590.0,,,,,,,,,,,neutral
1985-09,-0.31,-0.75,-0.0,2940.0,2290.0,0.24985776378444235,650.0,,,,,,,,,,,neutral
1985-10,-0.3,-0.72,0.4,3100.0,2450.0,0.23531408693446476,650.0,,,,,,,,,,,neutral
1985-11,-0.28,-0.575,0.2,3430.0,2780.0,0.21010933347530258,650.0,,,,,,,,,,,neutral
1985-12,-0.36,-0.6,-0.2,4340.0,3370.0,0.25296160374804444,970.0,,,,,,,,,,,neutral
1986-01,-0.4,-0.7,-1.0,5240.0,3750.0,0.33456565835063046,1490.0,,,,,,,,,,,neutral
1986-02,-0.38,-0.775,1.0,5030.0,3570.0,0.3428543883201005,1460.0,,,,,,,,,,,neutral
1986-03,-0.25,-0.625,-0.5,5280.0,3720.0,0.3502024294331143,1560.0,,,,,,,,,,,neutral
1986-04,-0.17,-0.5199999999999999,-0.3,4980.0,3470.0,0.3612752970777926,1510.0,,,,,,,,,,,neutral
1986-05,-0.09,-0.575,0.2,4660.0,3140.0,0.3947926482173916,1520.0,,,,,,,,,,,neutral
1986-06,0.02,-0.35,-1.0,3900.0,2760.0,0.3457458734065417,1140.0,,,,,,,,,,,neutral
1986-07,0.24,-0.04,-0.3,3800.0,2780.0,0.31255013902979467,1020.0,,,,,,,,,,,neutral
1986-08,0.46,0.19999999999999998,0.4,3830.0,2980.0,0.25094150267524107,850.0,,,,,,,,,,,neutral
1986-09,0.64,0.475,0.5,4400.0,3610.0,0.19789676857942595,790.0,,,,,,,,,,,el_nino
1986-10,0.86,0.52,-0.6,3920.0,3280.0,0.17824823140631807,640.0,,,,,,,,,,,el_nino
1986-11,1.06,0.575,1.2,3450.0,3130.0,0.09734122649120636,320.0,,,,,,,,,,,el_nino
1986-12,1.21,0.8400000000000001,1.4,3000.0,2750.0,0.08701137698962924,250.0,,,,,,,,,,,el_nino
1987-01,1.18,1.0,0.7,2720.0,2500.0,0.08434114843375085,220.0,,,,,,,,,,,el_nino
1987-02,1.13,0.875,1.2,2660.0,2430.0,0.09043486544115087,230.0,,,,,,,,,,,el_nino
1987-03,1.02,0.9,1.3,2290.0,2160.0,0.05844359587007464,130.0,,,,,,,,,,,el_nino
1987-04,0.94,0.5,1.4,2370.0,2230.0,0.060888369675011766,140.0,,,,,,,,,,,el_nino
1987-05,0.95,0.35,1.3,2590.0,2330.0,0.1057896081338372,260.0,,,,,,,,,,,el_nino
1987-06,1.11,0.725,1.1,2320.0,2160.0,0.07145896398214546,160.0,,,,,,,,,,,el_nino
1987-07,1.3,1.1,1.4,2200.0,2040.0,0.075507552508145,160.0,,,,,,,,,,,el_nino
1987-08,1.46,1.225,0.9,2250.0,2080.0,0.07856232250310224,170.0,,,,,,,,,,,el_nino
1987-09,1.49,1.3599999999999999,1.0,2440.0,2190.0,0.1080964954767003,250.0,,,,,,,,,,,el_nino
1987-10,1.41,0.925,0.4,2630.0,2280.0,0.14280840322332455,350.0,,,,,,,,,,,el_nino
1987-11,1.2,0.85,0.0,2790.0,2310.0,0.18879407129957215,480.0,,,,,,,,,,,el_nino
1987-12,1.0,0.78,0.5,2800.0,2270.0,0.20983958568784722,530.0,,,,,,,,,,,el_nino
1988-01,0.63,0.7,0.1,2820.0,2250.0,0.22580666873369282,570.0,,,,,,,,,,,el_nino
1988-02,0.37,0.225,0.4,3050.0,2270.0,0.2953617591260089,780.0,,,,,,,,,,,neutral
1988-03,-0.03,0.020000000000000007,-0.6,3010.0,2180.0,0.32261520195978743,830.0,,,,,,,,,,,neutral
1988-04,-0.45,-0.6000000000000001,-0.1,3010.0,2120.0,0.35052399007686397,890.0,,,,,,,,,,,neutral
1988-05,-0.99,-1.45,-0.9,3060.0,2070.0,0.390866308687011,990.0,,,,,,,,,,,la_nina
1988-06,-1.3,-1.7600000000000002,-0.1,3170.0,2060.0,0.43102560508769994,1110.0,,,,,,,,,,,la_nina
1988-07,-1.3,-1.8,-1.0,3130.0,1880.0,0.5097612277102037,1250.0,,,,,,,,,,,la_nina
1988-08,-1.14,-1.42,-1.5,2920.0,1800.0,0.4837969513780713,1120.0,,,,,,,,,,,la_nina
1988-09,-1.27,-0.925,-1.8,3040.0,1980.0,0.4287606707116858,1060.0,,,,,,,,,,,la_nina
1988-10,-1.54,-2.075,-1.4,2950.0,2070.0,0.3542565630744505,880.0,,,,,,,,,,,la_nina
1988-11,-1.81,-2.32,-1.7,2980.0,2040.0,0.3789734926611885,940.0,,,,,,,,,,,la_nina
1988-12,-1.85,-2.0,-1.2,3250.0,2220.0,0.3811478004574571,1030.0,,,,,,,,,,,la_nina
1989-01,-1.64,-2.075,-1.5,3360.0,2230.0,0.4099393885030844,1130.0,,,,,,,,,,,la_nina
1989-02,-1.38,-1.525,-1.2,3090.0,2120.0,0.37675500222573355,970.0,,,,,,,,,,,la_nina
1989-03,-1.09,-1.5,-1.1,3100.0,2080.0,0.3990342177778734,1020.0,,,,,,,,,,,la_nina
1989-04,-0.85,-1.325,-1.6,3170.0,2009.9999999999998,0.45559686581820547,1160.0000000000002,,,,,,,,,,,la_nina
1989-05,-0.61,-0.9400000000000001,-1.2,3100.0,2009.9999999999998,0.43326738942011556,1090.0000000000002,,,,,,,,,,,la_nina
1989-06,-0.4,-0.625,-0.7,2760.0,1850.0,0.4000450406388252,910.0,,,,,,,,,,,neutral
1989-07,-0.37,-0.575,-0.9,1940.0,1440.0,0.2980448594873275,500.0,,,,,,,,,,,neutral
1989-08,-0.36,-0.6799999999999999,0.3,1730.0,1310.0,0.2780942712966272,420.0,,,,,,,,,,,neutral
1989-09,-0.33,-0.475,-0.5,1730.0,1320.0,0.2704896719114078,410.0,,,,,,,,,,,neutral
1989-10,-0.25,-0.625,-0.8,1510.0,1180.0,0.24659521234926007,330.0,,,,,,,,,,,neutral
1989-11,-0.12,-0.56,0.2,1560.0,1170.0,0.2876820724517808,390.0,,,,,,,,,,,neutral
1989-12,-0.04,-0.225,0.5,1600.0,1130.0,0.3477859965214867,470.0,,,,,,,,,,,neutral
1990-01,0.18,-0.06000000000000001,0.1,1680.0,1090.0,0.4326160971741153,590.0,,,,,,,,,,,neutral
1990-02,0.19,0.025,1.8,1850.0,1100.0,0.5198754592859087,750.0,,,,,,,,,,,neutral
1990-03,0.3,-0.225,0.4,2090.0,1230.0,0.5301498965923939,860.0,,,,,,,,,,,neutral
1990-04,0.27,-0.025,-0.2,2090.0,1230.0,0.5301498965923939,860.0,,,,,,,,,,,neutral
1990-05,0.25,0.02,-1.2,2050.0,1180.0,0.5523253546727434,870.0,,,,,,,,,,,neutral
1990-06,0.25,-0.25,-0.3,1970.0,1120.0,0.5647048574428943,850.0,,,,,,,,,,,neutral
1990-07,0.26,-0.049999999999999996,-0.5,1910.0,1100.0,0.5517930622542142,810.0,,,,,,,,,,,neutral
1990-08,0.32,0.1,0.2,2080.0,1190.0,0.5584145865897892,890.0,,,,,,,,,,,neutral
1990-09,0.31,-0.025,0.7,2100.0,1230.0,0.5349231753450514,870.0,,,,,,,,,,,neutral
1990-10,0.27,0.16,-0.3,2020.0,1240.0,0.4879861317961671,780.0,,,,,,,,,,,neutral
1990-11,0.31,-0.1,0.5,1870.0,1220.0,0.4270875721213301,650.0,,,,,,,,,,,neutral
1990-12,0.34,0.2,0.2,1970.0,1240.0,0.4629221631329514,730.0,,,,,,,,,,,neutral
1991-01,0.35,0.38,-0.6,1890.0,1160.0,0.4881568239532781,730.0,,,,,,,,,,,neutral
1991-02,0.26,0.075,-0.3,1970.0,1140.0,0.5470052803434928,830.0,,,,,,,,,,,neutral
1991-03,0.23,-0.1,0.7,2060.0,1130.0,0.6004883500772413,930.0,,,,,,,,,,,neutral
1991-04,0.29,0.125,0.6,2029.9999999999998,1120.0,0.594707107746693,909.9999999999998,,,,,,,,,,,neutral
1991-05,0.49,0.24,1.0,1940.0,1040.0,0.6234672599219557,900.0,,,,,,,,,,,neutral
1991-06,0.63,0.4,0.1,1890.0,1000.0,0.6365768290715517,890.0,,,,,,,,,,,el_nino
1991-07,0.77,0.5,-0.0,1840.0,1000.0,0.6097655716208941,840.0,,,,,,,,,,,el_nino
1991-08,0.67,0.625,0.4,1800.0,990.0,0.5978370007556206,810.0,,,,,,,,,,,el_nino
1991-09,0.72,0.32499999999999996,1.5,1920.0,1030.0,0.6227663837981456,890.0,,,,,,,,,,,el_nino
1991-10,0.83,0.62,1.0,1760.0,1010.0,0.5553634781968926,750.0,,,,,,,,,,,el_nino
1991-11,1.18,0.95,0.7,1720.0,1110.0,0.4379642755011188,610.0,,,,,,,,,,,el_nino
1991-12,1.43,1.525,1.8,1660.0,1120.0,0.3934889170614486,540.0,,,,,,,,,,,el_nino
1992-01,1.54,1.7399999999999998,2.9,1620.0,1080.0,0.4054651081081637,540.0,,,,,,,,,,,el_nino
1992-02,1.5,1.625,0.9,1510.0,940.0,0.47398505454492046,570.0,,,,,,,,,,,el_nino
1992-03,1.4,1.175,2.0,1550.0,940.0,0.500130334649243,610.0,,,,,,,,,,,el_nino
1992-04,1.3,1.08,1.0,1450.0,910.0,0.46587423590372445,540.0,,,,,,,,,,,el_nino
1992-05,1.08,0.95,-0.3,1340.0,830.0,0.47899919215431375,510.0,,,,,,,,,,,el_nino
1992-06,0.72,0.5,0.6,1300.0,820.0,0.46081520319132974,480.0,,,,,,,,,,,el_nino
1992-07,0.35,0.12,0.6,1280.0,860.0,0.39768296766610955,420.0,,,,,,,,,,,neutral
1992-08,0.08,-0.1,-0.4,1170.0,860.0,0.30782663854424896,310.0,,,,,,,,,,,neutral
1992-09,-0.15,-0.13999999999999999,-0.1,1170.0,900.0,0.2623642644674913,270.0,,,,,,,,,,,neutral
1992-10,-0.22,-0.6,1.4,1360.0,970.0,0.33794390723266865,390.0,,,,,,,,,,,neutral
1992-11,-0.24,-0.175,0.7,1480.0,1050.0,0.3432519236065916,430.0,,,,,,,,,,,neutral
1992-12,-0.05,0.13999999999999999,0.6,1700.0,1120.0,0.417299565755167,580.0,,,,,,,,,,,neutral
1993-01,0.13,0.2,0.9,1530.0,1030.0,0.3957089331627994,500.0,,,,,,,,,,,neutral
1993-02,0.31,0.325,0.7,1490.0,1040.0,0.3595554068040867,450.0,,,,,,,,,,,neutral
1993-03,0.5,0.14,0.5,1400.0,1010.0,0.3265219057680451,390.0,,,,,,,,,,,neutral
1993-04,0.73,0.425,1.2,1280.0,990.0,0.2569104137850271,290.0,,,,,,,,,,,neutral
1993-05,0.76,0.6749999999999999,0.3,1370.0,1020.0,0.2950081125438544,350.0,,,,,,,,,,,neutral
1993-06,0.56,0.2,0.8,1380.0,1030.0,0.29252469692756833,350.0,,,,,,,,,,,neutral
1993-07,0.28,0.2,0.8,1580.0,1090.0,0.37124715079782344,490.0,,,,,,,,,,,neutral
1993-08,0.22,-0.05,0.9,1700.0,1290.0,0.27598603268858923,410.0,,,,,,,,,,,neutral
1993-09,0.2,0.24,0.7,1780.0,1380.0,0.25452986513488085,400.0,,,,,,,,,,,neutral
1993-10,0.2,0.15,1.1,1690.0,1300.0,0.2623642644674913,390.0,,,,,,,,,,,neutral
1993-11,0.2,0.1,0.1,1730.0,1360.0,0.24063670876172694,370.0,,,,,,,,,,,neutral
1993-12,0.19,0.06000000000000001,-0.2,1790.0,1360.0,0.27473092010470346,430.0,,,,,,,,,,,neutral
1994-01,0.07,0.05,0.1,1740.0,1310.0,0.2838579760133779,430.0,,,,,,,,,,,neutral
1994-02,0.0,-0.05,-0.3,1850.0,1340.0,0.3225160251274133,510.0,,,,,,,,,,,neutral
1994-03,0.04,0.059999999999999984,0.7,1920.0,1430.0,0.29465074176787454,490.0,,,,,,,,,,,neutral
1994-04,0.17,0.125,1.3,2000.0,1580.0,0.23572233352106942,420.0,,,,,,,,,,,neutral
1994-05,0.25,0.05,0.7,2690.0,2090.0,0.25237712763702813,600.0,,,,,,,,,,,neutral
1994-06,0.23,0.18,0.4,3160.0,2480.0,0.24231346742193072,680.0,,,,,,,,,,,neutral
1994-07,0.3,-0.05,1.3,4830.0,3620.0,0.28837244182680166,1210.0,,,,,,,,,,,neutral
1994-08,0.3,0.45999999999999996,1.2,4420.0,3590.0,0.20798749358941926,830.0,,,,,,,,,,,neutral
1994-09,0.47,0.30000000000000004,1.6,4890.0,4030.0000000000005,0.19342592752818888,859.9999999999995,,,,,,,,,,,neutral
1994-10,0.66,0.575,1.1,4450.0,3740.0,0.1738184847517079,710.0,,,,,,,,,,,el_nino
1994-11,0.93,0.9800000000000001,0.6,4030.0000000000005,3380.0,0.1758906664636637,650.0000000000005,,,,,,,,,,,el_nino
1994-12,0.97,1.175,1.2,3720.0,2860.0,0.2629020434532938,860.0,,,,,,,,,,,el_nino
1995-01,0.88,0.825,0.4,3810.0,2900.0,0.2729184521461816,910.0,,,,,,,,,,,el_nino
1995-02,0.65,0.6749999999999999,0.1,3740.0,2970.0,0.23052365861183244,770.0,,,,,,,,,,,el_nino
1995-03,0.46,0.3,-0.8,3960.0,3220.0,0.20686266571007295,740.0,,,,,,,,,,,neutral
1995-04,0.19,0.1,0.7,3840.0,3190.0,0.18545144980288164,650.0,,,,,,,,,,,neutral
1995-05,0.03,-0.26,0.4,3770.0,3110.0,0.19245227526877606,660.0,,,,,,,,,,,neutral
1995-06,-0.11,-0.375,-0.1,3410.0,2840.0,0.1829082391223107,570.0,,,,,,,,,,,neutral
1995-07,-0.3,-0.225,-0.4,3210.0,2640.0,0.19549201998369892,570.0,,,,,,,,,,,neutral
1995-08,-0.55,-0.6,-0.3,3380.0,2870.0,0.16356367972339836,510.0,,,,,,,,,,,la_nina
1995-09,-0.81,-0.65,-0.3,2960.0,2540.0,0.1530251873055235,420.0,,,,,,,,,,,la_nina
1995-10,-0.97,-1.0,-0.0,2810.0,2490.0,0.12090177286903803,320.0,,,,,,,,,,,la_nina
1995-11,-1.05,-1.0,-0.0,2760.0,2440.0,0.12323264042394833,320.0,,,,,,,,,,,la_nina
1995-12,-1.01,-0.9500000000000001,0.5,2340.0,2050.0,0.13231113621929325,290.0,,,,,,,,,,,la_nina
1996-01,-0.88,-0.82,-1.0,2440.0,1980.0,0.20890119459866607,460.0,,,,,,,,,,,la_nina
1996-02,-0.7,-0.75,-0.3,2740.0,2140.0,0.2471520913662184,600.0,,,,,,,,,,,la_nina
1996-03,-0.52,-0.7,-1.1,2660.0,2000.0,0.2851789422336628,660.0,,,,,,,,,,,la_nina
1996-04,-0.36,-0.5,-0.8,2720.0,2000.0,0.30748469974796055,720.0,,,,,,,,,,,neutral
1996-05,-0.25,-0.52,-0.3,2850.0,2009.9999999999998,0.34918427220957415,840.0000000000002,,,,,,,,,,,neutral
1996-06,-0.24,-0.475,-1.2,2770.0,1900.0,0.37699343402685237,870.0,,,,,,,,,,,neutral
1996-07,-0.22,-0.38,-0.7,2700.0,1710.0,0.45675840249571475,990.0,,,,,,,,,,,neutral
1996-08,-0.27,-0.25,-0.7,2780.0,1750.0,0.4628351397671233,1030.0,,,,,,,,,,,neutral
1996-09,-0.3,-0.275,-0.6,2620.0,1640.0,0.4684780759368987,980.0,,,,,,,,,,,neutral
1996-10,-0.33,-0.58,-0.6,2740.0,1610.0,0.5317237414036065,1130.0,,,,,,,,,,,neutral
1996-11,-0.39,-0.44999999999999996,0.1,2740.0,1550.0,0.5697029894688228,1190.0,,,,,,,,,,,neutral
1996-12,-0.41,-0.6,-0.9,2580.0,1390.0,0.6184856517909258,1190.0,,,,,,,,,,,neutral
1997-01,-0.41,-0.62,-0.5,2930.0,1480.0,0.6829603352529521,1450.0,,,,,,,,,,,neutral
1997-02,-0.26,-0.375,-1.7,3710.0,1660.0,0.8042142742508922,2050.0,,,,,,,,,,,neutral
1997-03,-0.03,-0.39999999999999997,0.4,4290.0,1770.0,0.8853071863541881,2520.0,,,,,,,,,,,neutral
1997-04,0.3,-0.04,0.6,4560.0,1710.0,0.9808292530117271,2850.0,,,,,,,,,,,neutral
1997-05,0.71,0.39999999999999997,1.3,5890.0,2060.0,1.0505500148620053,3830.0,,,,,,,,,,,el_nino
1997-06,1.13,0.875,1.4,4890.0,1960.0,0.9142478302443546,2930.0,,,,,,,,,,,el_nino
1997-07,1.48,1.3199999999999998,0.8,4200.0,1760.0,0.8697707162392625,2440.0,,,,,,,,,,,el_nino
1997-08,1.79,1.75,1.4,4210.0,1640.0,0.9427664058581842,2570.0,,,,,,,,,,,el_nino
1997-09,2.04,1.9,1.4,4190.0,1660.0,0.9258831315655947,2530.0,,,,,,,,,,,el_nino
1997-10,2.24,2.0,1.5,3700.0,1640.0,0.813636577814072,2060.0,,,,,,,,,,,el_nino
1997-11,2.34,2.2,1.2,3530.0,1680.0,0.7425040775300387,1850.0,,,,,,,,,,,el_nino
1997-12,2.37,2.16,1.0,3910.0,1820.0,0.7647008729085707,2090.0,,,,,,,,,,,el_nino
1998-01,2.22,2.125,2.7,3920.0,1840.0,0.7563260821814772,2080.0,,,,,,,,,,,el_nino
1998-02,1.91,1.7999999999999998,2.0,3930.0,1840.0,0.7588738542602762,2090.0,,,,,,,,,,,el_nino
1998-03,1.4,1.2,2.4,3480.0,1810.0,0.6537054485086484,1670.0,,,,,,,,,,,el_nino
1998-04,1.03,0.58,1.4,3310.0,1960.0,0.5240037161465452,1350.0,,,,,,,,,,,el_nino
1998-05,0.4,0.45,-0.3,3040.0,2000.0,0.41871033485818465,1040.0,,,,,,,,,,,neutral
1998-06,-0.08,-0.8,-1.0,2750.0,1820.0,0.41276441058977564,930.0,,,,,,,,,,,neutral
1998-07,-0.63,-1.2600000000000002,-1.2,2590.0,1700.0,0.4210296246492762,890.0,,,,,,,,,,,la_nina
1998-08,-0.83,-1.325,-1.2,2720.0,1750.0,0.4410160923724833,970.0,,,,,,,,,,,la_nina
1998-09,-1.02,-1.1199999999999999,-1.0,2470.0,1760.0,0.3389043415898252,710.0,,,,,,,,,,,la_nina
1998-10,-1.12,-1.4249999999999998,-1.1,2420.0,1770.0,0.312787993582857,650.0,,,,,,,,,,,la_nina
1998-11,-1.31,-1.3499999999999999,-1.0,2570.0,1770.0,0.3729263523213904,800.0,,,,,,,,,,,la_nina
1998-12,-1.47,-1.8199999999999998,-1.4,2590.0,1850.0,0.33647223662121295,740.0,,,,,,,,,,,la_nina
1999-01,-1.51,-1.6,-1.8,2490.0,1810.0,0.3189558651988822,680.0,,,,,,,,,,,la_nina
1999-02,-1.25,-1.1500000000000001,-1.0,2330.0,1750.0,0.2862524796421866,580.0,,,,,,,,,,,la_nina
1999-03,-0.93,-0.96,-1.3,2320.0,1620.0,0.35914103643392625,700.0,,,,,,,,,,,la_nina
1999-04,-0.8,-0.9500000000000001,-1.4,2250.0,1530.0,0.38566248081198484,720.0,,,,,,,,,,,la_nina
1999-05,-0.79,-0.925,-0.2,2450.0,1500.0,0.490622916448471,950.0,,,,,,,,,,,la_nina
1999-06,-0.84,-1.04,-0.3,2360.0,1450.0,0.4870980626050354,910.0,,,,,,,,,,,la_nina
1999-07,-0.9,-1.05,-0.5,2090.0,1360.0,0.42967936622875946,730.0,,,,,,,,,,,la_nina
1999-08,-0.94,-1.225,-0.4,2009.9999999999998,1390.0,0.36883097492838424,619.9999999999998,,,,,,,,,,,la_nina
1999-09,-1.0,-1.04,0.1,1860.0,1310.0,0.3505493505120496,550.0,,,,,,,,,,,la_nina
1999-10,-1.13,-1.2,-1.0,2080.0,1290.0,0.47772567533964594,790.0,,,,,,,,,,,la_nina
1999-11,-1.35,-1.6,-1.0,2500.0,1390.0,0.5869869847315545,1110.0,,,,,,,,,,,la_nina
1999-12,-1.53,-1.72,-1.4,2740.0,1470.0,0.6226955196093336,1270.0,,,,,,,,,,,la_nina
2000-01,-1.47,-1.775,-0.7,2450.0,1170.0,0.7390842757469702,1280.0,,,,,,,,,,,la_nina
2000-02,-1.26,-1.55,-1.7,2280.0,1080.0,0.7472144018302203,1200.0,,,,,,,,,,,la_nina
2000-03,-0.98,-1.2200000000000002,-1.3,2220.0,1020.0,0.7777045685880086,1200.0,,,,,,,,,,,la_nina
2000-04,-0.81,-0.8500000000000001,-1.2,2090.0,980.0,0.7573667732942395,1110.0,,,,,,,,,,,la_nina
2000-05,-0.67,-1.02,-0.4,2080.0,980.0,0.7525706010307465,1100.0,,,,,,,,,,,la_nina
2000-06,-0.62,-0.625,0.2,1910.0,940.0,0.7089786457766261,970.0,,,,,,,,,,,la_nina
2000-07,-0.48,-0.725,0.2,1930.0,900.0,0.7628805185746206,1030.0,,,,,,,,,,,neutral
2000-08,-0.4,-0.5,-0.7,1700.0,840.0,0.7049816382069478,860.0,,,,,,,,,,,neutral
2000-09,-0.42,-0.525,-0.9,1670.0,860.0,0.6636465161632472,810.0,,,,,,,,,,,neutral
2000-10,-0.54,-0.725,-1.1,1690.0,800.0,0.7478720802491923,890.0,,,,,,,,,,,la_nina
2000-11,-0.76,-0.8800000000000001,-1.8,1580.0,720.0,0.7859289140109116,860.0,,,,,,,,,,,la_nina
2000-12,-0.78,-1.0750000000000002,-0.8,1460.0,670.0,0.7789140023173706,790.0,,,,,,,,,,,la_nina
2001-01,-0.76,-0.76,-1.0,1450.0,710.0,0.7140538653792587,740.0,,,,,,,,,,,la_nina
2001-02,-0.54,-0.55,-1.7,1480.0,700.0,0.7487170317147562,780.0,,,,,,,,,,,la_nina
2001-03,-0.43,-0.4,-0.9,1470.0,670.0,0.7857399673877703,800.0,,,,,,,,,,,neutral
2001-04,-0.29,-0.525,-0.2,1460.0,630.0,0.8404718953168038,830.0,,,,,,,,,,,neutral
2001-05,-0.19,-0.5,0.5,1530.0,650.0,0.8560506514967985,880.0,,,,,,,,,,,neutral
2001-06,-0.08,-0.125,-0.3,1410.0,640.0,0.7898768070184969,770.0,,,,,,,,,,,neutral
2001-07,-0.05,-0.1,0.2,1290.0,600.0,0.7654678421395715,690.0,,,,,,,,,,,neutral
2001-08,-0.13,-0.1,0.4,1320.0,570.0,0.8397506547518203,750.0,,,,,,,,,,,neutral
2001-09,-0.15,-0.17500000000000002,-0.2,1280.0,540.0,0.8630462173553424,740.0,,,,,,,,,,,neutral
2001-10,-0.26,-0.26,0.0,1240.0,510.0,0.8884559328807118,730.0,,,,,,,,,,,neutral
2001-11,-0.33,-0.5,-0.7,1300.0,520.0,0.9162907318741551,780.0,,,,,,,,,,,neutral
2001-12,-0.32,-0.575,0.8,1250.0,540.0,0.8393296907380261,710.0,,,,,,,,,,,neutral
2002-01,-0.15,-0.18,-0.4,1280.0,500.0,0.9400072584914714,780.0,,,,,,,,,,,neutral
2002-02,0.07,0.05,-1.1,1300.0,540.0,0.8785504038913077,760.0,,,,,,,,,,,neutral
2002-03,0.11,-0.125,0.2,1420.0,640.0,0.7969439742415894,780.0,,,,,,,,,,,neutral
2002-04,0.15,0.07500000000000001,0.1,1440.0,650.0,0.7954260296803639,790.0,,,,,,,,,,,neutral
2002-05,0.3,0.2,0.8,1350.0,620.0,0.778140393393338,730.0,,,,,,,,,,,neutral
2002-06,0.45,0.65,0.2,1290.0,630.0,0.7166776779701394,660.0,,,,,,,,,,,neutral
2002-07,0.57,0.6,0.5,1250.0,630.0,0.685179010910768,620.0,,,,,,,,,,,el_nino
2002-08,0.63,0.7,1.0,1200.0,610.0,0.6766178786087345,590.0,,,,,,,,,,,el_nino
2002-09,0.78,0.875,0.6,1340.0,710.0,0.6351599229095957,630.0,,,,,,,,,,,el_nino
2002-10,0.99,1.08,0.4,1450.0,730.0,0.6862743012721833,720.0,,,,,,,,,,,el_nino
2002-11,1.19,1.3,0.5,1540.0,840.0,0.6061358035703153,700.0,,,,,,,,,,,el_nino
2002-12,1.08,1.3,1.1,1410.0,840.0,0.5179430915348551,570.0,,,,,,,,,,,el_nino
2003-01,0.9,0.9400000000000001,0.2,1450.0,910.0,0.46587423590372445,540.0,,,,,,,,,,,el_nino
2003-02,0.59,0.675,0.7,1460.0,900.0,0.4837969513780713,560.0,,,,,,,,,,,el_nino
2003-03,0.38,0.5,0.3,1360.0,820.0,0.505935638471799,540.0,,,,,,,,,,,neutral
2003-04,-0.01,-0.13999999999999999,0.1,1430.0,820.0,0.5561253829956545,610.0,,,,,,,,,,,neutral
2003-05,-0.18,-0.675,0.3,1460.0,830.0,0.564766013911739,630.0,,,,,,,,,,,neutral
2003-06,-0.13,-0.35,0.6,1350.0,750.0,0.5877866649021195,600.0,,,,,,,,,,,neutral
2003-07,0.09,0.04,-0.3,1390.0,780.0,0.5777651064410998,610.0,,,,,,,,,,,neutral
2003-08,0.14,0.0,-0.1,1410.0,800.0,0.5667332557042872,610.0,,,,,,,,,,,neutral
2003-09,0.23,0.2,0.1,1460.0,820.0,0.5768873744440839,640.0,,,,,,,,,,,neutral
2003-10,0.23,0.4,-0.0,1420.0,790.0,0.5863792051342394,630.0,,,,,,,,,,,neutral
2003-11,0.29,0.2,0.3,1370.0,750.0,0.602492812291815,620.0,,,,,,,,,,,neutral
2003-12,0.29,0.32,-1.1,1430.0,790.0,0.5933967777928855,640.0,,,,,,,,,,,neutral
2004-01,0.34,0.25,1.3,1600.0,880.0,0.5978370007556206,720.0,,,,,,,,,,,neutral
2004-02,0.27,0.15,-1.2,1680.0,820.0,0.7172447321390063,860.0,,,,,,,,,,,neutral
2004-03,0.19,-0.2,-0.4,1720.0,810.0,0.7530453221410145,910.0,,,,,,,,,,,neutral
2004-04,0.1,-0.025,0.9,1660.0,800.0,0.7299611536826616,860.0,,,,,,,,,,,neutral
2004-05,0.12,0.05,-1.0,1700.0,810.0,0.7413492823778229,890.0,,,,,,,,,,,neutral
2004-06,0.22,0.0,0.8,1810.0,880.0,0.7211602167876192,930.0,,,,,,,,,,,neutral
2004-07,0.39,0.55,0.5,1650.0,790.0,0.7364976214335588,860.0,,,,,,,,,,,neutral
2004-08,0.54,0.625,0.3,1620.0,750.0,0.7701082216960735,870.0,,,,,,,,,,,el_nino
2004-09,0.58,0.72,0.3,1770.0,750.0,0.8586616190375187,1020.0,,,,,,,,,,,el_nino
2004-10,0.61,0.6,0.1,1780.0,700.0,0.9332883082427266,1080.0,,,,,,,,,,,el_nino
2004-11,0.64,0.625,0.7,1990.0,720.0,1.016638705708437,1270.0,,,,,,,,,,,el_nino
2004-12,0.71,0.6,0.8,2300.0,810.0,1.0436301542507573,1490.0,,,,,,,,,,,el_nino
2005-01,0.62,0.6499999999999999,-0.3,2360.0,810.0,1.0693826503531714,1550.0,,,,,,,,,,,el_nino
2005-02,0.55,0.275,3.1,2660.0,910.0,1.0726368022648494,1750.0,,,,,,,,,,,el_nino
2005-03,0.4,0.22000000000000003,-0.3,2980.0,1090.0,1.0057456042762611,1890.0,,,,,,,,,,,neutral
2005-04,0.37,0.17500000000000002,0.6,2860.0,1120.0,0.9374929395247582,1740.0,,,,,,,,,,,neutral
2005-05,0.27,0.225,0.8,2830.0,1240.0,0.8251653320382006,1590.0,,,,,,,,,,,neutral
2005-06,0.09,0.22000000000000003,-0.4,2670.0,1320.0,0.7044467358138791,1350.0,,,,,,,,,,,neutral
2005-07,-0.04,0.07500000000000001,-0.2,2420.0,1280.0,0.636907462237069,1140.0,,,,,,,,,,,neutral
2005-08,-0.14,0.04,0.3,2390.0,1150.0,0.73153142356826,1240.0,,,,,,,,,,,neutral
2005-09,-0.11,-0.1,-0.4,2190.0,1030.0,0.7543427415868651,1160.0,,,,,,,,,,,neutral
2005-10,-0.27,-0.05,-1.2,2320.0,1050.0,0.7927770215087868,1270.0,,,,,,,,,,,neutral
2005-11,-0.57,-0.54,0.2,2380.0,1130.0,0.7448828549591342,1250.0,,,,,,,,,,,la_nina
2005-12,-0.82,-0.8500000000000001,0.0,2330.0,1240.0,0.6307568879606631,1090.0,,,,,,,,,,,la_nina
2006-01,-0.86,-0.95,-1.7,2740.0,1400.0,0.6714856837787657,1340.0,,,,,,,,,,,la_nina
2006-02,-0.8,-0.7,-0.1,2630.0,1390.0,0.6376800990470732,1240.0,,,,,,,,,,,la_nina
2006-03,-0.63,-0.6799999999999999,-1.8,2510.0,1310.0,0.6502556159306323,1200.0,,,,,,,,,,,la_nina
2006-04,-0.45,-0.22500000000000003,-1.1,2540.0,1330.0,0.6469851387967829,1210.0,,,,,,,,,,,neutral
2006-05,-0.19,-0.04,0.5,2410.0,1320.0,0.6019950109042842,1090.0,,,,,,,,,,,neutral
2006-06,-0.05,0.1,0.2,2270.0,1330.0,0.5346008892596483,940.0,,,,,,,,,,,neutral
2006-07,0.12,-0.025,0.6,2310.0,1420.0,0.4865906529205324,890.0,,,,,,,,,,,neutral
2006-08,0.33,0.38,1.0,2460.0,1620.0,0.4177352006999788,840.0,,,,,,,,,,,neutral
2006-09,0.54,0.6,0.6,2420.0,1700.0,0.35313928910642467,720.0,,,,,,,,,,,el_nino
2006-10,0.71,0.575,1.3,2440.0,1660.0,0.3851804369366585,780.0,,,,,,,,,,,el_nino
2006-11,0.88,0.9,-0.1,2700.0,1690.0,0.46852324407530066,1010.0,,,,,,,,,,,el_nino
2006-12,0.88,1.15,0.3,2830.0,1690.0,0.5155481827201642,1140.0,,,,,,,,,,,el_nino
2007-01,0.62,0.76,0.8,2750.0,1740.0,0.4577157984520417,1010.0,,,,,,,,,,,el_nino
2007-02,0.19,0.024999999999999994,0.1,2690.0,1740.0,0.43565608038730996,950.0,,,,,,,,,,,neutral
2007-03,-0.12,-0.125,-0.2,2580.0,1700.0,0.41716114787135616,880.0,,,,,,,,,,,neutral
2007-04,-0.32,-0.049999999999999996,0.1,2530.0,1750.0,0.36860351480400677,780.0,,,,,,,,,,,neutral
2007-05,-0.34,-0.48,0.1,2500.0,1850.0,0.3011050927839216,650.0,,,,,,,,,,,neutral
2007-06,-0.41,-0.1,-0.5,2630.0,2040.0,0.25403403833354865,590.0,,,,,,,,,,,neutral
2007-07,-0.49,-0.475,0.3,2590.0,2040.0,0.23870806785532128,550.0,,,,,,,,,,,neutral
2007-08,-0.77,-0.6,-0.4,2720.0,1930.0,0.34311187739111126,790.0,,,,,,,,,,,la_nina
2007-09,-1.05,-0.825,-0.2,2820.0,2050.0,0.3188970917997054,770.0,,,,,,,,,,,la_nina
2007-10,-1.38,-1.26,-0.7,2960.0,2009.9999999999998,0.38705454626498437,950.0000000000002,,,,,,,,,,,la_nina
2007-11,-1.57,-1.425,-0.9,2890.0,2040.0,0.34830669426821625,850.0,,,,,,,,,,,la_nina
2007-12,-1.72,-1.2,-1.7,3030.0,2009.9999999999998,0.41042789745029307,1020.0000000000002,,,,,,,,,,,la_nina
2008-01,-1.76,-1.54,-1.8,3080.0,2190.0,0.3410280531570731,890.0,,,,,,,,,,,la_nina
2008-02,-1.61,-1.525,-2.6,3470.0,2550.0,0.3080612347884335,920.0,,,,,,,,,,,la_nina
2008-03,-1.37,-0.975,-1.4,3300.0,2690.0,0.20438127485868662,610.0,,,,,,,,,,,la_nina
2008-04,-1.05,-0.82,-0.7,3100.0,2450.0,0.23531408693446476,650.0,,,,,,,,,,,la_nina
2008-05,-0.85,-0.725,0.1,3130.0,2400.0,0.26556426719816173,730.0,,,,,,,,,,,la_nina
2008-06,-0.56,-0.625,-0.6,3220.0,2450.0,0.2732933349996811,770.0,,,,,,,,,,,la_nina
2008-07,-0.33,-0.26,-0.3,3250.0,2540.0,0.24649091531119982,710.0,,,,,,,,,,,neutral
2008-08,-0.2,-0.1,-1.0,3230.0,2480.0,0.26422357705767485,750.0,,,,,,,,,,,neutral
2008-09,-0.25,-0.2,-1.2,3160.0,2320.0,0.3090048419206024,840.0,,,,,,,,,,,neutral
2008-10,-0.36,-0.26,-1.3,2720.0,1960.0,0.32768740706548005,760.0,,,,,,,,,,,neutral
2008-11,-0.57,-0.325,-1.3,2690.0,2000.0,0.29639401305380275,690.0,,,,,,,,,,,la_nina
2008-12,-0.79,-0.8400000000000001,-1.4,2620.0,1820.0,0.36433781668430143,800.0,,,,,,,,,,,la_nina
2009-01,-0.89,-0.775,-1.1,2830.0,1820.0,0.44144021056644256,1010.0,,,,,,,,,,,la_nina
2009-02,-0.84,-0.575,-1.9,2850.0,1770.0,0.47633944769482106,1080.0,,,,,,,,,,,la_nina
2009-03,-0.63,-0.7,-0.4,2830.0,1680.0,0.5214829182399789,1150.0,,,,,,,,,,,la_nina
2009-04,-0.35,-0.13999999999999999,-0.8,2970.0,1670.0,0.5757383263859452,1300.0,,,,,,,,,,,neutral
2009-05,0.03,0.2,0.1,3330.0,1670.0,0.6901486775636885,1660.0,,,,,,,,,,,neutral
2009-06,0.34,0.42499999999999993,-0.1,3300.0,1630.0,0.7053424536537634,1670.0,,,,,,,,,,,neutral
2009-07,0.5,0.58,-0.2,3110.0,1580.0,0.677197879152267,1530.0,,,,,,,,,,,el_nino
2009-08,0.56,0.7,0.2,3300.0,1600.0,0.7239188392266991,1700.0,,,,,,,,,,,el_nino
2009-09,0.66,0.74,-0.3,3270.0,1630.0,0.6962099700904911,1640.0,,,,,,,,,,,el_nino
2009-10,0.92,0.9249999999999999,1.2,3410.0,1620.0,0.7442861420511333,1790.0,,,,,,,,,,,el_nino
2009-11,1.31,1.5,0.6,3360.0,1530.0,0.786673238570768,1830.0,,,,,,,,,,,el_nino
2009-12,1.5,1.7,0.7,3490.0,1540.0,0.8181193197887975,1950.0,,,,,,,,,,,el_nino
2010-01,1.47,1.6,1.1,3500.0,1540.0,0.8209805520698303,1960.0,,,,,,,,,,,el_nino
2010-02,1.21,1.2,1.5,3480.0,1500.0,0.8415671856782181,1980.0,,,,,,,,,,,el_nino
2010-03,0.88,1.1,0.7,3630.0,1480.0,0.8971905605007366,2150.0,,,,,,,,,,,el_nino
2010-04,0.38,0.6,-1.2,3730.0,1580.0,0.858983386616849,2150.0,,,,,,,,,,,neutral
2010-05,-0.16,-0.2,-0.9,3820.0,1560.0,0.8955646013570373,2260.0,,,,,,,,,,,neutral
2010-06,-0.66,-0.5599999999999999,-0.4,4210.0,1700.0,0.9068343966321208,2510.0,,,,,,,,,,,la_nina
2010-07,-0.98,-0.975,-1.8,4480.0,1880.0,0.8683512695850357,2600.0,,,,,,,,,,,la_nina
2010-08,-1.24,-1.225,-1.8,4660.0,1820.0,0.9401789470488504,2840.0,,,,,,,,,,,la_nina
2010-09,-1.43,-1.3800000000000001,-2.2,4910.0,1790.0,1.0090583219537654,3120.0,,,,,,,,,,,la_nina
2010-10,-1.54,-1.45,-1.7,4800.0,1880.0,0.9373441410719874,2920.0,,,,,,,,,,,la_nina
2010-11,-1.57,-1.425,-1.3,5150.0,2029.9999999999998,0.9309609216219492,3120.0,,,,,,,,,,,la_nina
2010-12,-1.48,-1.22,-2.9,5470.0,2070.0,0.9717300091566123,3400.0,,,,,,,,,,,la_nina
2011-01,-1.29,-1.475,-2.3,5820.0,2230.0,0.9592986762713194,3590.0,,,,,,,,,,,la_nina
2011-02,-1.06,-1.2,-2.7,6350.0,2410.0,0.9688280654020369,3940.0,,,,,,,,,,,la_nina
2011-03,-0.85,-0.8800000000000001,-2.5,6440.0,2600.0,0.9070170950888254,3840.0,,,,,,,,,,,la_nina
2011-04,-0.68,-0.725,-1.9,6620.0,2590.0,0.93843749423747,4030.0,,,,,,,,,,,la_nina
2011-05,-0.5,-0.4,-0.4,6420.0,2690.0,0.8698769240881212,3730.0,,,,,,,,,,,la_nina
2011-06,-0.34,-0.24,-0.2,6060.0,2600.0,0.8461983550537866,3460.0,,,,,,,,,,,neutral
2011-07,-0.37,-0.2,-1.0,5910.0,2490.0,0.8643631209413902,3420.0,,,,,,,,,,,neutral
2011-08,-0.5,-0.44000000000000006,-0.4,5960.0,2470.0,0.8808523304373734,3490.0,,,,,,,,,,,la_nina
2011-09,-0.76,-0.675,-1.0,6060.0,2340.0,0.9515588707116134,3720.0,,,,,,,,,,,la_nina
2011-10,-0.94,-0.75,-0.8,5460.0,2160.0,0.9273405680607407,3300.0,,,,,,,,,,,la_nina
2011-11,-1.02,-0.96,-1.1,5400.0,2140.0,0.9255931245364692,3260.0,,,,,,,,,,,la_nina
2011-12,-0.92,-1.025,-2.5,5220.0,2170.0,0.8777702343421794,3050.0,,,,,,,,,,,la_nina
2012-01,-0.71,-0.6,-1.1,5230.0,2130.0,0.8982892983554986,3100.0,,,,,,,,,,,la_nina
2012-02,-0.56,-0.5599999999999999,-0.5,4940.0,2250.0,0.7864351149835027,2690.0,,,,,,,,,,,la_nina
2012-03,-0.44,-0.5,-0.7,4440.0,2280.0,0.6664789334777845,2160.0,,,,,,,,,,,neutral
2012-04,-0.35,-0.5,0.3,4220.0,2240.0,0.6333592621809725,1980.0,,,,,,,,,,,neutral
2012-05,-0.18,-0.24,-0.0,4070.0000000000005,2360.0,0.5449813804169858,1710.0000000000005,,,,,,,,,,,neutral
2012-06,0.03,0.32499999999999996,0.4,3720.0,2330.0,0.467855400707446,1390.0,,,,,,,,,,,neutral
2012-07,0.28,0.225,0.0,4200.0,2360.0,0.5764229062518043,1840.0,,,,,,,,,,,neutral
2012-08,0.39,0.72,0.2,3850.0,2350.0,0.4936578201436257,1500.0,,,,,,,,,,,neutral
2012-09,0.37,0.45,-0.2,3950.0,2310.0,0.5364680543793279,1640.0,,,,,,,,,,,neutral
2012-10,0.28,0.33999999999999997,-0.3,3820.0,2300.0,0.5073412996833788,1520.0,,,,,,,,,,,neutral
2012-11,0.13,0.5,-0.3,3530.0,2150.0,0.495830028805635,1380.0,,,,,,,,,,,neutral
2012-12,-0.03,-0.5,0.6,3370.0,2130.0,0.4587907646429361,1240.0,,,,,,,,,,,neutral
2013-01,-0.24,-0.5,0.1,3470.0,2200.0,0.4556972335944982,1270.0,,,,,,,,,,,neutral
2013-02,-0.28,-0.525,0.2,3300.0,2290.0,0.3653706509062866,1010.0,,,,,,,,,,,neutral
2013-03,-0.23,-0.25,-1.5,3300.0,2340.0,0.3437715391028249,960.0,,,,,,,,,,,neutral
2013-04,-0.2,0.19999999999999998,-0.2,3300.0,2240.0,0.38744660260548613,1060.0,,,,,,,,,,,neutral
2013-05,-0.3,-0.32,-0.8,3240.0,2190.0,0.39167178597582897,1050.0,,,,,,,,,,,neutral
2013-06,-0.38,-0.35000000000000003,-1.2,3050.0,2000.0,0.42199441005937466,1050.0,,,,,,,,,,,neutral
2013-07,-0.45,-0.3,-0.8,3050.0,2100.0,0.3732042458899425,950.0,,,,,,,,,,,neutral
2013-08,-0.34,-0.5,-0.2,2980.0,2070.0,0.3643746932400358,910.0,,,,,,,,,,,neutral
2013-09,-0.32,0.07500000000000001,-0.3,2920.0,1940.0,0.40889564320495353,980.0,,,,,,,,,,,neutral
2013-10,-0.14,-0.16,0.1,2840.0,1850.0,0.42861841308288184,990.0,,,,,,,,,,,neutral
2013-11,-0.12,-0.07500000000000001,-0.7,2690.0,1760.0,0.4242273845636877,930.0,,,,,,,,,,,neutral
2013-12,-0.11,-0.17500000000000002,-0.1,2780.0,1940.0,0.3597629546273087,840.0,,,,,,,,,,,neutral
2014-01,-0.24,-0.52,-1.4,2930.0,1930.0,0.4174824201121812,1000.0,,,,,,,,,,,neutral
2014-02,-0.21,-0.9,-0.1,3830.0,2110.0,0.596176855704579,1720.0,,,,,,,,,,,neutral
2014-03,-0.02,-0.425,0.9,4720.0,2320.0,0.710241613919246,2400.0,,,,,,,,,,,neutral
2014-04,0.25,0.26,-0.8,4930.0,2330.0,0.7494707204769906,2600.0,,,,,,,,,,,neutral
2014-05,0.35,0.475,-0.5,4720.0,2270.0,0.7320289681041539,2450.0,,,,,,,,,,,neutral
2014-06,0.22,0.525,-0.2,4360.0,2180.0,0.6931471805599445,2180.0,,,,,,,,,,,neutral
2014-07,0.07,-0.08,0.2,4340.0,2240.0,0.6613984822453656,2100.0,,,,,,,,,,,neutral
2014-08,0.07,-0.04999999999999999,0.7,4700.0,2210.0,0.754569993186351,2490.0,,,,,,,,,,,neutral
2014-09,0.24,0.35,0.7,4640.0,2220.0,0.737207170353976,2420.0,,,,,,,,,,,neutral
2014-10,0.51,0.42000000000000004,0.6,4970.0,2310.0,0.7661723155748357,2660.0,,,,,,,,,,,el_nino
2014-11,0.7,0.8,0.9,4620.0,2270.0,0.7106148736003357,2350.0,,,,,,,,,,,el_nino
2014-12,0.8,0.58,0.6,4340.0,2200.0,0.679416987748044,2140.0,,,,,,,,,,,el_nino
2015-01,0.73,0.55,0.8,4190.0,2160.0,0.662592512237973,2030.0,,,,,,,,,,,el_nino
2015-02,0.65,0.75,-0.2,3940.0,2170.0,0.5964535557574742,1770.0,,,,,,,,,,,el_nino
2015-03,0.72,0.4,0.7,3540.0,2029.9999999999998,0.5560909340919871,1510.0000000000002,,,,,,,,,,,el_nino
2015-04,0.86,0.86,0.0,3620.0,2029.9999999999998,0.5784382327839843,1590.0000000000002,,,,,,,,,,,el_nino
2015-05,1.04,0.825,0.7,3490.0,1930.0,0.5923817332975405,1560.0,,,,,,,,,,,el_nino
2015-06,1.19,1.075,0.6,3520.0,1990.0,0.5703263508736045,1530.0,,,,,,,,,,,el_nino
2015-07,1.44,1.28,1.1,3410.0,1920.0,0.5743871052557354,1490.0,,,,,,,,,,,el_nino
2015-08,1.73,1.725,1.4,3460.0,1890.0,0.6046917599980821,1570.0,,,,,,,,,,,el_nino
2015-09,2.02,1.8800000000000001,1.6,3220.0,1800.0,0.5815946946541972,1420.0,,,,,,,,,,,el_nino
2015-10,2.28,2.275,1.7,3380.0,1820.0,0.6190392084062237,1560.0,,,,,,,,,,,el_nino
2015-11,2.45,2.825,0.5,3260.0,1800.0,0.5939405304764973,1460.0,,,,,,,,,,,el_nino
2015-12,2.59,2.46,0.6,3280.0,1750.0,0.6282276344606306,1530.0,,,,,,,,,,,el_nino
2016-01,2.5,2.6,2.2,3200.0,1650.0,0.6623755218931926,1550.0,,,,,,,,,,,el_nino
2016-02,2.21,2.325,2.0,3260.0,1630.0,0.6931471805599454,1630.0,,,,,,,,,,,el_nino
2016-03,1.69,1.6199999999999999,0.1,3470.0,1670.0,0.7313309675301047,1800.0,,,,,,,,,,,el_nino
2016-04,1.11,0.9750000000000001,1.2,3400.0,1770.0,0.6527958850363778,1630.0,,,,,,,,,,,el_nino
2016-05,0.57,0.2,-0.4,3420.0,1850.0,0.6144549119842804,1570.0,,,,,,,,,,,el_nino
2016-06,0.09,-0.039999999999999994,-0.6,3650.0,1890.0,0.6581503385228489,1760.0,,,,,,,,,,,neutral
2016-07,-0.19,-0.525,-0.4,3790.0,2000.0,0.63921883853439,1790.0,,,,,,,,,,,neutral
2016-08,-0.34,-0.52,-0.7,3690.0,2020.0,0.602528946639322,1670.0,,,,,,,,,,,neutral
2016-09,-0.42,-0.425,-1.2,3890.0,2140.0,0.5976033285965947,1750.0,,,,,,,,,,,neutral
2016-10,-0.51,-0.725,0.3,3950.0,2290.0,0.545163761346882,1660.0,,,,,,,,,,,neutral
2016-11,-0.49,-0.64,0.1,4059.9999999999995,2290.0,0.5726311560474935,1769.9999999999995,,,,,,,,,,,neutral
2016-12,-0.37,-0.375,-0.3,3570.0,2250.0,0.4616353795752186,1320.0,,,,,,,,,,,neutral
2017-01,-0.08,-0.275,-0.2,3720.0,2390.0,0.44243030234163605,1330.0,,,,,,,,,,,neutral
2017-02,0.08,0.0,0.1,3670.0,2350.0,0.4457763339104117,1320.0,,,,,,,,,,,neutral
2017-03,0.27,0.16,-0.9,3530.0,2350.0,0.4068825427891385,1180.0,,,,,,,,,,,neutral
2017-04,0.32,0.35,0.2,3430.0,2280.0,0.4083848182114993,1150.0,,,,,,,,,,,neutral
2017-05,0.35,0.38,-0.3,3310.0,2170.0,0.42222102183660226,1140.0,,,,,,,,,,,neutral
2017-06,0.32,0.4,0.4,3160.0,2250.0,0.33964181138249216,910.0,,,,,,,,,,,neutral
2017-07,0.14,0.275,-0.8,3300.0,2310.0,0.35667494393873245,990.0,,,,,,,,,,,neutral
2017-08,-0.07,-0.08,-0.5,3300.0,2300.0,0.3610133455373301,1000.0,,,,,,,,,,,neutral
2017-09,-0.23,-0.3,-0.6,3230.0,2190.0,0.3885805934061555,1040.0,,,,,,,,,,,neutral
2017-10,-0.44,-0.4,-0.9,3100.0,2170.0,0.35667494393873156,930.0,,,,,,,,,,,neutral
2017-11,-0.61,-0.9199999999999999,-0.9,3110.0,2009.9999999999998,0.4364880041201582,1100.0000000000002,,,,,,,,,,,la_nina
2017-12,-0.76,-0.95,0.1,3030.0,1930.0,0.4510426166044832,1100.0,,,,,,,,,,,la_nina
2018-01,-0.71,-0.72,-1.1,3060.0,1950.0,0.450585543388633,1110.0,,,,,,,,,,,la_nina
2018-02,-0.67,-0.7,0.5,3000.0,1970.0,0.42057874591821154,1030.0,,,,,,,,,,,la_nina
2018-03,-0.55,-0.8,-1.5,2980.0,1940.0,0.4292353274420764,1040.0,,,,,,,,,,,la_nina
2018-04,-0.35,-0.5,-0.5,2960.0,1950.0,0.4173598957603133,1010.0,,,,,,,,,,,neutral
2018-05,-0.07,-0.16,-0.4,2990.0,1960.0,0.42232891416017004,1030.0,,,,,,,,,,,neutral
2018-06,0.13,0.2,0.1,2950.0,1900.0,0.43995128417933316,1050.0,,,,,,,,,,,neutral
2018-07,0.2,0.225,-0.2,2880.0,1860.0,0.4372138064227453,1020.0,,,,,,,,,,,neutral
2018-08,0.3,0.3,0.3,2760.0,1780.0,0.43861731542506455,980.0,,,,,,,,,,,neutral
2018-09,0.52,0.35,0.9,2670.0,1690.0,0.45734994347717617,980.0,,,,,,,,,,,el_nino
2018-10,0.82,0.86,-0.4,3030.0,1880.0,0.47729084267941957,1150.0,,,,,,,,,,,el_nino
2018-11,1.04,0.9,0.1,3020.0,1840.0,0.4954912597658847,1180.0,,,,,,,,,,,el_nino
2018-12,1.05,0.9,-1.0,2800.0,1710.0,0.4931260466665899,1090.0,,,,,,,,,,,el_nino
2019-01,0.99,0.72,0.0,2830.0,1720.0,0.49795242082978497,1110.0,,,,,,,,,,,el_nino
2019-02,0.94,0.75,1.4,2830.0,1730.0,0.4921553031454593,1100.0,,,,,,,,,,,el_nino
2019-03,0.87,0.9750000000000001,0.3,2730.0,1700.0,0.4736733581346986,1030.0,,,,,,,,,,,el_nino
2019-04,0.82,0.775,-0.1,2670.0,1620.0,0.499652323167866,1050.0,,,,,,,,,,,el_nino
2019-05,0.71,0.76,0.4,2660.0,1570.0,0.5272505034333914,1090.0,,,,,,,,,,,el_nino
2019-06,0.59,0.625,0.5,2860.0,1630.0,0.56224161001309,1230.0,,,,,,,,,,,el_nino
2019-07,0.38,0.42000000000000004,0.4,2990.0,1630.0,0.6066933725839245,1360.0,,,,,,,,,,,neutral
2019-08,0.2,0.125,0.1,2780.0,1560.0,0.5777651064410998,1220.0,,,,,,,,,,,neutral
2019-09,0.31,0.0,1.2,2840.0,1560.0,0.5991182309116692,1280.0,,,,,,,,,,,neutral
2019-10,0.51,0.52,0.4,2800.0,1510.0,0.617509766354325,1290.0,,,,,,,,,,,el_nino
2019-11,0.72,0.475,0.8,3110.0,1620.0,0.6521965769468503,1490.0,,,,,,,,,,,el_nino
2019-12,0.75,0.4,0.6,3460.0,1610.0,0.7650344100732616,1850.0,,,,,,,,,,,el_nino
2020-01,0.71,0.54,-0.2,3130.0,1560.0,0.6963471832906158,1570.0,,,,,,,,,,,el_nino
2020-02,0.66,0.325,0.1,2990.0,1500.0,0.6898082792944313,1490.0,,,,,,,,,,,el_nino
2020-03,0.57,0.45,0.1,3270.0,1490.0,0.7860138649517943,1780.0,,,,,,,,,,,el_nino
2020-04,0.33,0.44000000000000006,-0.2,3410.0,1410.0,0.8831225869053485,2000.0,,,,,,,,,,,neutral
2020-05,0.04,-0.275,-0.4,3300.0,1420.0,0.8432655968592648,1880.0,,,,,,,,,,,neutral
2020-06,-0.18,-0.325,0.4,3120.0,1420.0,0.7871761302082216,1700.0,,,,,,,,,,,neutral
2020-07,-0.29,-0.16,-0.4,3240.0,1490.0,0.7767972098468707,1750.0,,,,,,,,,,,neutral
2020-08,-0.43,-0.55,-1.1,3600.0,1600.0,0.8109302162163283,2000.0,,,,,,,,,,,neutral
2020-09,-0.77,-0.6399999999999999,-0.9,3670.0,1600.0,0.830188032820744,2070.0,,,,,,,,,,,la_nina
2020-10,-1.0,-1.25,-0.5,3350.0,1510.0,0.796850695010141,1840.0,,,,,,,,,,,la_nina
2020-11,-1.11,-1.225,-0.7,3320.0,1600.0,0.7299611536826616,1720.0,,,,,,,,,,,la_nina
2020-12,-1.06,-1.04,-1.8,3480.0,1590.0,0.7832982775542421,1890.0,,,,,,,,,,,la_nina
2021-01,-0.99,-0.875,-1.9,3540.0,1560.0,0.8194409058842371,1980.0,,,,,,,,,,,la_nina
2021-02,-0.85,-0.875,-1.5,3670.0,1620.0,0.817765512822187,2050.0,,,,,,,,,,,la_nina
2021-03,-0.74,-0.58,-0.4,3680.0,1630.0,0.814332737362168,2050.0,,,,,,,,,,,la_nina
2021-04,-0.56,-0.55,-0.3,3720.0,1640.0,0.8190274264489483,2080.0,,,,,,,,,,,la_nina
2021-05,-0.4,-0.35,-0.5,4110.0,1760.0,0.8481092194580828,2350.0,,,,,,,,,,,neutral
2021-06,-0.31,-0.02,-0.4,4240.0,1870.0,0.8186248383773709,2370.0,,,,,,,,,,,neutral
2021-07,-0.35,-0.225,-1.4,4500.0,2080.0,0.7717095030630476,2420.0,,,,,,,,,,,neutral
2021-08,-0.46,-0.275,-0.6,4770.0,2100.0,0.8204089601708731,2670.0,4046.057863157894,1874.8947368421052,0.7698105541260761,2171.163126315789,,,,,,,neutral
2021-09,-0.64,-0.26,-0.8,4970.0,2310.0,0.7661723155748357,2660.0,4201.218355714285,2100.5714285714284,0.693096316430418,2100.646927142857,,,,,,,la_nina
2021-10,-0.77,-0.8500000000000001,-0.7,5310.0,2320.0,0.828024649575628,2990.0,4470.286977619047,2145.3333333333335,0.7340718166304692,2324.9536442857143,,,,,,,la_nina
2021-11,-0.91,-0.875,-1.0,5710.0,2410.0,0.8625922761653557,3300.0,4886.277775238095,2245.9523809523807,0.7753370262078773,2640.325394285714,,,,,,,la_nina
2021-12,-0.83,-1.04,-1.5,5910.0,2480.0,0.868387271241116,3430.0,5170.53537,2384.2727272727275,0.7737891807464335,2786.2626427272726,,,,,,,la_nina
2022-01,-0.76,-0.825,-0.5,5980.0,2430.0,0.900529310610084,3550.0,5208.194288,2250.45,0.8391990140116425,2957.744288,,,,,,,la_nina
2022-02,-0.68,-0.675,-1.1,6170.0,2410.0,0.9400720904147333,3760.0,5419.594139473685,2235.5789473684213,0.8853987432714425,3184.015192105263,,,,,,,la_nina
2022-03,-0.77,-0.9199999999999999,-1.8,5700.0,2290.0,0.9119143572743562,3410.0,4913.187376086957,2113.0,0.8437386865589707,2800.187376086956,,,,,,,la_nina
2022-04,-0.86,-0.9750000000000001,-1.7,5850.0,2290.0,0.9378898436776177,3560.0,4973.6778355,2091.7,0.8659728922446559,2881.9778355,,,,,,,la_nina
2022-05,-0.83,-1.1,-1.4,5740.0,2270.0,0.9276793788381648,3470.0,4807.383873809524,2078.809523809524,0.8380046046062104,2728.57435,,,,,,,la_nina
2022-06,-0.73,-0.6799999999999999,-1.7,6030.0,2290.0,0.9681951931729467,3740.0,5073.093074761905,2079.6190476190477,0.8916488742069639,2993.474027142857,,,,,,,la_nina
2022-07,-0.7,-0.625,-0.8,5640.0,2210.0,0.9368915499803059,3430.0,4713.0917515,1976.95,0.8682816711578578,2736.1417515,,,,,,,la_nina
2022-08,-0.78,-1.0,-1.0,5920.0,2420.0,0.8945689087273188,3500.0,4904.416822608696,2187.8695652173915,0.807233395881634,2716.547257391304,,,,,,,la_nina
2022-09,-0.87,-0.9,-1.6,5900.0,2460.0,0.8747910009674023,3440.0,4926.748299523809,2224.3809523809523,0.7950771557302768,2702.367347142857,,,,,,,la_nina
2022-10,-0.89,-0.8500000000000001,-1.7,5290.0,2270.0,0.8460384143768964,3020.0,4395.172424761905,2046.142857142857,0.7628105050573127,2349.029567619047,,,,,,,la_nina
2022-11,-0.82,-0.9400000000000001,-0.3,4720.0,2040.0,0.8388589917413398,2680.0,3673.0543928571424,1836.2380952380952,0.6926155517198245,1836.8162976190474,,,,,,,la_nina
2022-12,-0.7,-0.85,-2.1,4630.0,2050.0,0.8147170749478256,2580.0,3664.865804285714,1891.2380952380952,0.6614194191749371,1773.627709047619,,,,,,,la_nina
2023-01,-0.55,-0.675,-1.4,4560.0,2120.0,0.7659065348423741,2440.0,3511.9045444999997,1919.7,0.6034031257273268,1592.2045444999999,,,,,,,la_nina
2023-02,-0.33,-0.45,-1.4,5060.0,2290.0,0.7928146657332258,2770.0,3991.0583957894737,2085.684210526316,0.6486565548080945,1905.3741852631579,,,,,,,neutral
2023-03,-0.11,-0.04,-0.2,4900.0,2350.0,0.7348198769605139,2550.0,3902.70459173913,2145.8260869565215,0.5981251851736211,1756.8785047826086,,,,,,,neutral
2023-04,0.19,0.2,-0.2,5060.0,2550.0,0.6852731241290391,2510.0,4176.362508421053,2382.0,0.5611399293034542,1794.3625084210523,,,,,,,neutral
2023-05,0.46,0.52,1.0,4850.0,2700.0,0.5857269319391092,2150.0,4085.26107,2504.318181818182,0.48957366133644664,1580.942888181818,,,,,,,neutral
2023-06,0.73,0.925,-0.3,4570.0,2910.0,0.4513601237227123,1660.0,3895.03863047619,2685.714285714286,0.37062937934848317,1209.3243447619045,2788.5173219660014,3347.912346467655,0.18310911695635157,0.22514539081844778,-0.2260474865626067,-797.4865164074374,el_nino
2023-07,1.0,1.1,0.3,4270.0,2810.0,0.4184293438948794,1460.0,3519.7309454999995,2577.5,0.3116116388774016,942.2309454999998,,,,,,,el_nino
2023-08,1.25,1.34,0.8,4120.0,2750.0,0.404252251682955,1370.0,3440.453289565217,2561.086956521739,0.29534187732697187,879.366333043478,,,,,,,el_nino
2023-09,1.5,1.6,1.3,4050.0,2730.0,0.394415271921579,1320.0,3367.0610105,2471.0,0.30921617692316317,896.0610104999998,2519.845097990298,2715.8012688250387,0.07730116447640949,0.12124327984495675,-0.22975218254028515,-692.9823991652595,el_nino
2023-10,1.74,1.55,0.5,4050.0,2620.0,0.43554256334544217,1430.0,3431.5912399999997,2408.8636363636365,0.353021631686596,1022.7276036363636,2389.33921159947,2741.7017711714284,0.13694894892193543,0.1796605710324306,-0.21704128151326266,-674.7093270947086,el_nino
2023-11,1.9,1.92,0.8,4350.0,2700.0,0.47692407209031007,1650.0,3787.379687142857,2472.7619047619046,0.4264452073759134,1314.6177823809523,2428.2937691982506,3011.703422196598,0.21519719489496475,0.2563516912179515,-0.2090472838165313,-726.0479690016525,el_nino
2023-12,1.99,1.975,0.2,4650.0,2990.0,0.4415938321966699,1660.0,4149.315302,2761.55,0.4077159280726084,1387.7653019999998,2700.0708606015182,3333.9676735218586,0.21141632343071665,0.25288523604143665,-0.19817465751185992,-754.4709864914245,el_nino
2024-01,1.84,1.8,-0.5,4470.0,3260.0,0.3156612132468606,1210.0,4112.928573809524,3064.095238095238,0.29595287943457793,1048.8333357142856,2969.6100186987824,3344.23808465657,0.11919657359163323,0.16241426714349988,-0.17660192527081536,-670.1941412644342,el_nino
2024-02,1.53,1.5,1.4,4600.0,3380.0,0.3081805940001221,1220.0,4127.599795,3187.95,0.2584365031281794,939.6497949999997,3379.3495652286565,3388.439306077088,0.0026584972884076473,0.047844564158470465,-0.26010919577056113,-936.7217899207991,el_nino
2024-03,1.18,1.2,-0.4,4610.0,3660.0,0.23076470959528272,950.0,4087.9717505,3330.25,0.2053386684245389,757.7217504999998,3797.181801868958,3388.244966964043,-0.11326390740439125,-0.06635514378629201,-0.31860257582893015,-1166.658585404914,el_nino
2024-04,0.77,0.9,0.2,5270.0,4230.0,0.2198283694950831,1040.0,4837.0364899999995,3953.9545454545455,0.20165249354871986,883.0819445454543,4546.935646272187,3925.1301231867906,-0.14497894886868276,-0.09811188462232892,-0.3555511493192347,-1545.767099085396,el_nino
2024-05,0.43,0.26,-0.5,5080.0,4040.0,0.22906656961733063,1040.0,4619.330265,3687.7727272727275,0.22663511386160815,931.5575377272726,4303.323987353209,3770.5201576240747,-0.13028217679446305,-0.08347178080482366,-0.3617295987691407,-1473.3996813958,neutral
2024-06,0.18,0.2,-0.0,5480.0,4500.0,0.19702770418365034,980.0,5013.537945263158,4201.0526315789475,0.17704289313715185,812.4853136842103,4845.334674822457,4184.519391606393,-0.1466357943211689,-0.0999183379822297,-0.3229927456581187,-1471.225607921946,neutral
2024-07,0.06,0.13999999999999999,0.7,5670.0,4730.0,0.18126391523581908,940.0,5202.567714347825,4383.521739130435,0.17164829786183844,819.0459752173911,4980.705583313971,4265.356141134145,-0.15515568010982375,-0.1083972072445869,-0.32788918742517387,-1538.8336508161892,neutral
2024-08,-0.04,-0.07500000000000001,-0.9,5760.0,4730.0,0.197012272203958,1030.0,5334.228405,4577.818181818182,0.15363073293692905,756.410223181818,4783.578679983185,4281.08059110268,-0.11103221077390489,-0.06476997196311499,-0.26367318798304246,-1251.6378462489258,neutral
2024-09,-0.12,-0.25,0.1,6120.0,5330.0,0.13821085834648095,790.0,5653.196835,5158.7,0.09173766316931191,494.4968349999996,4754.5201241178165,4458.884842191308,-0.06443178371801454,-0.01877665033400285,-0.15468175446416016,-785.4921769265079,neutral
2024-10,-0.19,-0.36,-0.5,6100.0,4890.0,0.22109646769248492,1210.0,5571.60193173913,4738.086956521739,0.1635756015159367,833.514975217391,4472.688963373434,4428.580474849247,-0.009390658684002124,0.03562371281263882,-0.17296626019993883,-877.6234637415768,neutral
2024-11,-0.29,-0.175,-0.5,6720.0,4980.0,0.2996582634984968,1740.0,6132.9772625,4726.05,0.2594587360726555,1406.9272624999999,4547.63333220232,5120.378395817718,0.11556906379061448,0.1590826023986487,-0.14111882168390497,-827.4848416477598,neutral
2024-12,-0.43,-0.7000000000000001,-1.2,7570.0,5220.0,0.37169566555481026,2350.0,7077.722546190475,5040.0,0.33958096246648883,2037.7225461904757,4795.6220518137,5882.336223785125,0.20483623820728805,0.24739870451292217,-0.1319939828647015,-935.1026543443636,neutral
2025-01,-0.46,-0.74,-0.2,7810.0,5410.0,0.367155870993205,2400.0,7414.766951428571,5205.809523809524,0.3538798882329716,2208.9574276190474,4767.48617915413,6197.294926795185,0.26224264103266987,0.3042476942619603,-0.09097911462908602,-715.9961847118851,neutral
2025-02,-0.22,-0.35,-0.5,9050.0,5810.0,0.44318418684801486,3240.0,8753.907840526315,5607.263157894737,0.4447815721672396,3146.6446826315787,5213.941636070974,7470.383071738921,0.3591137516015882,0.4004814222797825,-0.08585837824077425,-895.2021068320516,neutral
2025-03,-0.08,0.1,-1.7,8920.0,5690.0,0.4495856984536779,3230.0,8564.633754285713,5470.571428571428,0.448224430318139,3094.0623257142847,5248.98046318212,7365.9098699427195,0.3387718965425113,0.3803128967464473,-0.11017211741095292,-977.7516211341361,neutral
2025-04,0.02,-0.1,-0.5,8640.0,5430.0,0.46446344887012003,3210.0,8253.887316190476,5229.476190476191,0.4555521991955421,3024.4111257142854,4987.187596769969,7317.905158912951,0.3830225316336416,0.4240793533516292,-0.07188619172740529,-683.1075315412278,neutral
2025-05,-0.04,-0.07500000000000001,-0.4,8770.0,5240.0,0.5150153080511419,3530.0,8172.967263999999,4957.5,0.5004492434646758,3215.4672639999994,4853.632536164244,7313.268384538208,0.4098485722419962,0.45061216528408093,-0.09258566542793671,-762.0850481260355,neutral
2025-06,-0.02,0.07500000000000001,-0.3,8010.0,4330.0,0.61512321906587,3680.0,7352.132122499999,4153.35,0.5732242400651887,3198.7821225,4144.225374322743,6421.118200434859,0.4381585480346777,0.4781129417136711,-0.13506569203051103,-921.8892963878836,neutral
2025-07,-0.11,-0.12,-0.6,7180.0,3690.0,0.6656729250076978,3490.0,6506.484985,3403.2272727272725,0.6484660198138393,3103.2577122727275,3703.117561064271,5463.92241002435,0.3890836708312102,0.4291192502378585,-0.2557742512806848,-1327.4233766920945,neutral
2025-08,-0.26,-0.35,-0.4,8080.0,4390.0,0.6100626454459253,3690.0,7412.929768095238,4104.0952380952385,0.5947858963800225,3308.8345299999996,4269.095526916646,6305.26900140417,0.38673265335155094,0.42730899846548015,-0.2080532430284716,-1272.6610555124762,neutral
2025-09,-0.43,-0.42500000000000004,-0.0,8830.0,4660.0,0.639139566478315,4170.0,8356.822073809524,4377.571428571428,0.6468734426838504,3979.250645238095,4186.235229225434,7008.670806106656,0.5155451950402574,0.5548834048069751,-0.13274910805023338,-1167.4870921187771,neutral
2025-10,-0.57,-0.5199999999999999,-1.1,8900.0,4740.0,0.6300141410311095,4160.0,8648.101215217392,4527.869565217391,0.6467983948428251,4120.23165,4366.6691700396195,7042.446905227395,0.4780057766807994,0.5178414251494147,-0.16879261816202568,-1444.4539148122244,neutral
2025-11,-0.61,-0.725,-1.1,9050.0,4740.0,0.6467276220048497,4310.0,8584.558214736842,4537.368421052632,0.6370956468776404,4047.1897936842106,4359.378073506311,7186.781847348789,0.5002419174964267,0.539884168590277,-0.13863666620330864,-1229.5355414206792,neutral
2025-12,-0.6,-0.6399999999999999,0.0,8400.0,4200.0,0.6931471805599454,4200.0,7936.682105,4047.0454545454545,0.6744232842396075,3889.6366504545445,3788.749313784257,6914.84869538557,0.6025753098478962,0.6406628714530204,-0.07100026508188281,-780.0830699776337,neutral
2026-01,-0.39,-0.55,-1.1,8020.0,4240.0,0.6373751526345561,3780.0,7855.612214999999,4028.65,0.6677398821297935,3826.9622149999996,3827.8466086621747,6844.503782240182,0.5810341792500389,0.6193864262866648,-0.08584670796106213,-805.8004214219924,neutral
2026-02,-0.21,-0.2,-1.4,7080.0,3960.0,0.581029882439239,3120.0,6494.81052,3736.7894736842104,0.5521536703108282,2758.021046315789,3722.93583937784,5959.822030573386,0.47028285158858185,0.5095129723372136,-0.08644735850049415,-562.5909838044537,neutral
2026-03,0.11,-0.025,-1.2,7370.0,3900.0,0.6364411530656451,3470.0,6538.251554999999,3626.0454545454545,0.5894132133750193,2912.206100454545,3602.426074589898,6118.637032924228,0.5297388091799358,0.5682269384564242,-0.05967440419508345,-395.99514212021444,neutral
2026-04,0.46,0.5,0.6,7300.0,3630.0,0.6986416998775855,3670.0,6458.329308095238,3425.9523809523807,0.6339922192214646,3032.376927142857,3365.3233865550174,6041.33222254852,0.5851303266267948,0.6226960265962744,-0.052086404447610174,-376.2596569476739,neutral
2026-05,0.95,0.9,0.9,6950.0,3670.0,0.6385499975102213,3280.0,6079.065601052632,3429.5789473684213,0.572300561907516,2649.4866536842105,3329.3697649661153,5602.302218317551,0.5198315497416173,0.5579971820705729,-0.049655763402236805,-359.42139164856474,neutral
2026-06,1.39,1.575,1.4,6790.0,3730.0,0.5990427079148795,3060.0,5808.271809999999,3521.409090909091,0.4998661372550194,2286.8627190909087,3339.5463286617846,5019.883024888041,0.4069953120938697,0.4464202310254617,-0.09353953504989085,-615.5805175832675,neutral
2026-07,,2.08,2.4,7910.0,4070.0000000000005,0.6644847823250579,3839.9999999999995,7111.289369130435,3828.8695652173915,0.6185976241592723,3282.419803913043,3634.9221236227454,5789.455589185295,0.46542792551397866,0.5045933244585381,-0.15288671170773097,-1121.838258604117,
2026-08,,2.6,,7970.0,3980.0,0.6944026735057776,3990.0,7190.36813,3718.95,0.659226757166005,3471.4181299999996,3695.3390011942474,5852.796255202483,0.45968658186332073,0.49898816004472707,-0.20176976156038803,-1308.341734701441,
1951-01,,,-1.5,,,,,,,,,,,,,,,
1951-02,,,-0.9,,,,,,,,,,,,,,,
1951-03,,,0.1,,,,,,,,,,,,,,,
1951-04,,,0.3,,,,,,,,,,,,,,,
1951-05,,,0.7,,,,,,,,,,,,,,,
1951-06,,,-0.2,,,,,,,,,,,,,,,
1951-07,,,1.0,,,,,,,,,,,,,,,
1951-08,,,0.2,,,,,,,,,,,,,,,
1951-09,,,1.1,,,,,,,,,,,,,,,
1951-10,,,1.0,,,,,,,,,,,,,,,
1951-11,,,0.8,,,,,,,,,,,,,,,
1951-12,,,0.7,,,,,,,,,,,,,,,
1952-01,,,0.9,,,,,,,,,,,,,,,
1952-02,,,0.6,,,,,,,,,,,,,,,
1952-03,,,-0.5,,,,,,,,,,,,,,,
1952-04,,,0.2,,,,,,,,,,,,,,,
1952-05,,,-0.8,,,,,,,,,,,,,,,
1952-06,,,-0.7,,,,,,,,,,,,,,,
1952-07,,,-0.5,,,,,,,,,,,,,,,
1952-08,,,-0.1,,,,,,,,,,,,,,,
1952-09,,,0.2,,,,,,,,,,,,,,,
1952-10,,,-0.4,,,,,,,,,,,,,,,
1952-11,,,-0.0,,,,,,,,,,,,,,,
1952-12,,,1.2,,,,,,,,,,,,,,,
1953-01,,,-0.3,,,,,,,,,,,,,,,
1953-02,,,0.5,,,,,,,,,,,,,,,
1953-03,,,0.2,,,,,,,,,,,,,,,
1953-04,,,-0.2,,,,,,,,,,,,,,,
1953-05,,,1.7,,,,,,,,,,,,,,,
1953-06,,,-0.1,,,,,,,,,,,,,,,
1953-07,,,0.0,,,,,,,,,,,,,,,
1953-08,,,1.2,,,,,,,,,,,,,,,
1953-09,,,1.2,,,,,,,,,,,,,,,
1953-10,,,-0.1,,,,,,,,,,,,,,,
1953-11,,,0.3,,,,,,,,,,,,,,,
1953-12,,,0.5,,,,,,,,,,,,,,,
1954-01,,,-0.7,,,,,,,,,,,,,,,
1954-02,,,0.3,,,,,,,,,,,,,,,
1954-03,,,-0.3,,,,,,,,,,,,,,,
1954-04,,,-0.6,,,,,,,,,,,,,,,
1954-05,,,-0.5,,,,,,,,,,,,,,,
1954-06,,,-0.1,,,,,,,,,,,,,,,
1954-07,,,-0.4,,,,,,,,,,,,,,,
1954-08,,,-1.1,,,,,,,,,,,,,,,
1954-09,,,-0.2,,,,,,,,,,,,,,,
1954-10,,,-0.3,,,,,,,,,,,,,,,
1954-11,,,-0.1,,,,,,,,,,,,,,,
1954-12,,,-1.4,,,,,,,,,,,,,,,
1955-01,,,0.5,,,,,,,,,,,,,,,
1955-02,,,-1.9,,,,,,,,,,,,,,,
1955-03,,,-0.6,,,,,,,,,,,,,,,
1955-04,,,0.1,,,,,,,,,,,,,,,
1955-05,,,-1.0,,,,,,,,,,,,,,,
1955-06,,,-1.3,,,,,,,,,,,,,,,
1955-07,,,-1.6,,,,,,,,,,,,,,,
1955-08,,,-1.5,,,,,,,,,,,,,,,
1955-09,,,-1.3,,,,,,,,,,,,,,,
1955-10,,,-1.5,,,,,,,,,,,,,,,
1955-11,,,-1.2,,,,,,,,,,,,,,,
1955-12,,,-1.0,,,,,,,,,,,,,,,
1956-01,,,-1.3,,,,,,,,,,,,,,,
1956-02,,,-1.6,,,,,,,,,,,,,,,
1956-03,,,-1.3,,,,,,,,,,,,,,,
1956-04,,,-0.9,,,,,,,,,,,,,,,
1956-05,,,-1.4,,,,,,,,,,,,,,,
1956-06,,,-1.1,,,,,,,,,,,,,,,
1956-07,,,-1.1,,,,,,,,,,,,,,,
1956-08,,,-1.2,,,,,,,,,,,,,,,
1956-09,,,-0.1,,,,,,,,,,,,,,,
1956-10,,,-1.8,,,,,,,,,,,,,,,
1956-11,,,-0.2,,,,,,,,,,,,,,,
1956-12,,,-1.1,,,,,,,,,,,,,,,
1957-01,,,-0.6,,,,,,,,,,,,,,,
1957-02,,,0.1,,,,,,,,,,,,,,,
1957-03,,,-0.2,,,,,,,,,,,,,,,
1957-04,,,-0.2,,,,,,,,,,,,,,,
1957-05,,,0.7,,,,,,,,,,,,,,,
1957-06,,,-0.2,,,,,,,,,,,,,,,
1957-07,,,-0.2,,,,,,,,,,,,,,,
1957-08,,,0.5,,,,,,,,,,,,,,,
1957-09,,,0.9,,,,,,,,,,,,,,,
1957-10,,,-0.0,,,,,,,,,,,,,,,
1957-11,,,1.0,,,,,,,,,,,,,,,
1957-12,,,0.3,,,,,,,,,,,,,,,
1958-01,,,1.9,,,,,,,,,,,,,,,
1958-02,,,0.5,,,,,,,,,,,,,,,
1958-03,,,-0.3,,,,,,,,,,,,,,,
1958-04,,,-0.4,,,,,,,,,,,,,,,
1958-05,,,0.5,,,,,,,,,,,,,,,
1958-06,,,-0.3,,,,,,,,,,,,,,,
1958-07,,,-0.4,,,,,,,,,,,,,,,
1958-08,,,-0.9,,,,,,,,,,,,,,,
1958-09,,,0.3,,,,,,,,,,,,,,,
1958-10,,,-0.1,,,,,,,,,,,,,,,
1958-11,,,0.4,,,,,,,,,,,,,,,
1958-12,,,0.6,,,,,,,,,,,,,,,
1959-01,,,0.9,,,,,,,,,,,,,,,
1959-02,,,1.4,,,,,,,,,,,,,,,
1959-03,,,-1.3,,,,,,,,,,,,,,,
1959-04,,,-0.4,,,,,,,,,,,,,,,
1959-05,,,-0.5,,,,,,,,,,,,,,,
1959-06,,,0.1,,,,,,,,,,,,,,,
1959-07,,,0.3,,,,,,,,,,,,,,,
1959-08,,,0.1,,,,,,,,,,,,,,,
1959-09,,,-0.0,,,,,,,,,,,,,,,
1959-10,,,-0.5,,,,,,,,,,,,,,,
1959-11,,,-0.9,,,,,,,,,,,,,,,
1959-12,,,-0.9,,,,,,,,,,,,,,,
1960-01,,,-0.1,940.0,700.0,0.29479954022064536,240.0,,,,,,,,,,,
1960-02,,,-0.1,950.0,690.0,0.319770387003282,260.0,,,,,,,,,,,
1960-03,,,-1.0,930.0,690.0,0.2984929885559966,240.0,,,,,,,,,,,
1960-04,,,-0.8,930.0,680.0,0.3130917879771493,250.0,,,,,,,,,,,
1960-05,,,-0.5,920.0,690.0,0.2876820724517817,230.0,,,,,,,,,,,
1960-06,,,-0.1,910.0,700.0,0.2623642644674913,210.0,,,,,,,,,,,
1960-07,,,-0.5,920.0,690.0,0.2876820724517817,230.0,,,,,,,,,,,
1960-08,,,-0.8,930.0,700.0,0.2841042511038969,230.0,,,,,,,,,,,
1960-09,,,-0.7,920.0,700.0,0.273293334999682,220.0,,,,,,,,,,,
1960-10,,,-0.1,920.0,710.0,0.259108700007725,210.0,,,,,,,,,,,
1960-11,,,-0.5,910.0,710.0,0.2481796294755343,200.0,,,,,,,,,,,
1960-12,,,-0.8,900.0,700.0,0.25131442828090655,200.0,,,,,,,,,,,
1961-01,,,0.3,910.0,680.0,0.2913518013407437,230.0,,,,,,,,,,,
1961-02,,,-0.9,920.0,680.0,0.3022808718729344,240.0,,,,,,,,,,,
1961-03,,,1.8,910.0,670.0,0.306166887125884,240.0,,,,,,,,,,,
1961-04,,,-0.8,900.0,660.0,0.31015492830383984,240.0,,,,,,,,,,,
1961-05,,,-0.3,890.0,660.0,0.29898162770571446,230.0,,,,,,,,,,,
1961-06,,,-0.1,890.0,670.0,0.2839437503411739,220.0,,,,,,,,,,,
1961-07,,,-0.2,890.0,670.0,0.2839437503411739,220.0,,,,,,,,,,,
1961-08,,,-0.2,890.0,670.0,0.2839437503411739,220.0,,,,,,,,,,,
1961-09,,,-0.1,890.0,670.0,0.2839437503411739,220.0,,,,,,,,,,,
1961-10,,,0.3,890.0,670.0,0.2839437503411739,220.0,,,,,,,,,,,
1961-11,,,-0.5,880.0,670.0,0.27264419508724025,210.0,,,,,,,,,,,
1961-12,,,-1.5,880.0,670.0,0.27264419508724025,210.0,,,,,,,,,,,
1962-01,,,-2.0,880.0,670.0,0.27264419508724025,210.0,,,,,,,,,,,
1962-02,,,0.3,880.0,670.0,0.27264419508724025,210.0,,,,,,,,,,,
1962-03,,,-0.1,860.0,670.0,0.2496546768625416,190.0,,,,,,,,,,,
1962-04,,,-0.2,850.0,670.0,0.23795863709935094,180.0,,,,,,,,,,,
1962-05,,,-1.1,830.0,670.0,0.21414798840563165,160.0,,,,,,,,,,,
1962-06,,,-0.7,800.0,670.0,0.17733401528291548,130.0,,,,,,,,,,,
1962-07,,,-0.1,810.0,680.0,0.17494144949633217,130.0,,,,,,,,,,,
1962-08,,,-0.6,820.0,680.0,0.1872115420881464,140.0,,,,,,,,,,,
1962-09,,,-0.4,830.0,690.0,0.18473410319933858,140.0,,,,,,,,,,,
1962-10,,,-1.0,810.0,690.0,0.16034265007517945,120.0,,,,,,,,,,,
1962-11,,,-0.3,810.0,690.0,0.16034265007517945,120.0,,,,,,,,,,,
1962-12,,,-0.2,820.0,720.0,0.13005312824819715,100.0,,,,,,,,,,,
1963-01,,,-1.0,830.0,650.0,0.24445333790096058,180.0,,,,,,,,,,,
1963-02,,,-0.6,800.0,610.0,0.27115277050056985,190.0,,,,,,,,,,,
1963-03,,,-1.1,810.0,620.0,0.26731476962734657,190.0,,,,,,,,,,,
1963-04,,,-0.8,810.0,620.0,0.26731476962734657,190.0,,,,,,,,,,,
1963-05,,,-0.4,800.0,610.0,0.27115277050056985,190.0,,,,,,,,,,,
1963-06,,,0.5,800.0,610.0,0.27115277050056985,190.0,,,,,,,,,,,
1963-07,,,0.1,810.0,620.0,0.26731476962734657,190.0,,,,,,,,,,,
1963-08,,,-0.0,800.0,610.0,0.27115277050056985,190.0,,,,,,,,,,,
1963-09,,,0.6,800.0,620.0,0.25489224962878954,180.0,,,,,,,,,,,
1963-10,,,1.2,800.0,630.0,0.23889190828234863,170.0,,,,,,,,,,,
1963-11,,,0.8,810.0,630.0,0.25131442828090567,180.0,,,,,,,,,,,
1963-12,,,1.2,800.0,650.0,0.2076393647782444,150.0,,,,,,,,,,,
1964-01,,,0.4,930.0,700.0,0.2841042511038969,230.0,,,,,,,,,,,
1964-02,,,-0.0,940.0,720.0,0.2666286632539485,220.0,,,,,,,,,,,
1964-03,,,-1.1,1040.0,780.0,0.2876820724517808,260.0,,,,,,,,,,,
1964-04,,,-1.1,1000.0,820.0,0.19845093872383845,180.0,,,,,,,,,,,
1964-05,,,-0.2,1020.0,830.0,0.2061322054876733,190.0,,,,,,,,,,,
1964-06,,,-0.8,1010.0,850.0,0.17246926035094212,160.0,,,,,,,,,,,
1964-07,,,-0.6,1020.0,820.0,0.21825356602001822,200.0,,,,,,,,,,,
1964-08,,,-1.5,1050.0,820.0,0.24724110289327061,230.0,,,,,,,,,,,
1964-09,,,-1.3,1040.0,790.0,0.274943046674351,250.0,,,,,,,,,,,
1964-10,,,-1.3,1040.0,770.0,0.30058547728768925,270.0,,,,,,,,,,,
1964-11,,,-0.2,1030.0,790.0,0.26528113576261436,240.0,,,,,,,,,,,
1964-12,,,0.3,1010.0,760.0,0.28438717655492773,250.0,,,,,,,,,,,
1965-01,,,0.4,1010.0,630.0,0.4719857904497262,380.0,,,,,,,,,,,
1965-02,,,-0.4,1040.0,640.0,0.485507815781701,400.0,,,,,,,,,,,
1965-03,,,-0.8,990.0,580.0,0.5346768395881707,410.0,,,,,,,,,,,
1965-04,,,0.5,970.0,550.0,0.5673777932709125,420.0,,,,,,,,,,,
1965-05,,,-0.2,960.0,490.0,0.6725278933572101,470.0,,,,,,,,,,,
1965-06,,,0.6,980.0,610.0,0.47409361449726006,370.0,,,,,,,,,,,
1965-07,,,1.8,980.0,720.0,0.3083013596545161,260.0,,,,,,,,,,,
1965-08,,,0.7,1000.0,790.0,0.23572233352106942,210.0,,,,,,,,,,,
1965-09,,,1.3,1000.0,780.0,0.24846135929849922,220.0,,,,,,,,,,,
1965-10,,,0.9,1010.0,810.0,0.22067136216882055,200.0,,,,,,,,,,,
1965-11,,,1.5,1030.0,760.0,0.3039956479433048,270.0,,,,,,,,,,,
1965-12,,,-0.2,1030.0,790.0,0.26528113576261436,240.0,,,,,,,,,,,
1966-01,,,1.3,1010.0,800.0,0.2330938821673776,210.0,,,,,,,,,,,
1966-02,,,0.2,970.0,760.0,0.24397763821705176,210.0,,,,,,,,,,,
1966-03,,,0.9,950.0,740.0,0.24981179839637147,210.0,,,,,,,,,,,
1966-04,,,0.2,950.0,760.0,0.2231435513142097,190.0,,,,,,,,,,,
1966-05,,,0.4,950.0,770.0,0.21007146974685753,180.0,,,,,,,,,,,
1966-06,,,-0.3,920.0,740.0,0.21772348384487117,180.0,,,,,,,,,,,
1966-07,,,-0.1,920.0,730.0,0.23132913590064952,190.0,,,,,,,,,,,
1966-08,,,-0.6,920.0,720.0,0.24512245803298516,200.0,,,,,,,,,,,
1966-09,,,0.2,900.0,700.0,0.25131442828090655,200.0,,,,,,,,,,,
1966-10,,,0.1,890.0,720.0,0.21197025071608433,170.0,,,,,,,,,,,
1966-11,,,0.0,890.0,720.0,0.21197025071608433,170.0,,,,,,,,,,,
1966-12,,,0.3,870.0,720.0,0.1892419996385284,150.0,,,,,,,,,,,
1967-01,,,-1.7,850.0,710.0,0.1799713794490012,140.0,,,,,,,,,,,
1967-02,,,-1.7,840.0,730.0,0.1403573576949224,110.0,,,,,,,,,,,
1967-03,,,-1.2,820.0,730.0,0.11625980611586151,90.0,,,,,,,,,,,
1967-04,,,0.0,850.0,750.0,0.12516314295400655,100.0,,,,,,,,,,,
1967-05,,,0.0,890.0,770.0,0.1448309478784564,120.0,,,,,,,,,,,
1967-06,,,-0.6,910.0,780.0,0.15415067982725805,130.0,,,,,,,,,,,
1967-07,,,-0.2,900.0,740.0,0.19574457712609572,160.0,,,,,,,,,,,
1967-08,,,-0.7,880.0,720.0,0.20067069546215066,160.0,,,,,,,,,,,
1967-09,,,-0.5,860.0,720.0,0.17768117723745203,140.0,,,,,,,,,,,
1967-10,,,-0.1,850.0,730.0,0.15219181534192572,120.0,,,,,,,,,,,
1967-11,,,0.4,870.0,750.0,0.14842000511827358,120.0,,,,,,,,,,,
1967-12,,,0.6,850.0,750.0,0.12516314295400655,100.0,,,,,,,,,,,
1968-01,,,-0.5,870.0,760.0,0.13517477836825265,110.0,,,,,,,,,,,
1968-02,,,-1.3,870.0,760.0,0.13517477836825265,110.0,,,,,,,,,,,
1968-03,,,-0.1,880.0,750.0,0.15984870094189585,130.0,,,,,,,,,,,
1968-04,,,-0.0,890.0,750.0,0.17114825619582952,140.0,,,,,,,,,,,
1968-05,,,-1.2,880.0,760.0,0.14660347419187492,120.0,,,,,,,,,,,
1968-06,,,-1.1,890.0,760.0,0.15790302944580858,130.0,,,,,,,,,,,
1968-07,,,-0.7,880.0,750.0,0.15984870094189585,130.0,,,,,,,,,,,
1968-08,,,-0.3,870.0,750.0,0.14842000511827358,120.0,,,,,,,,,,,
1968-09,,,0.3,850.0,750.0,0.12516314295400655,100.0,,,,,,,,,,,
1968-10,,,0.1,850.0,740.0,0.13858616328614737,110.0,,,,,,,,,,,
1968-11,,,0.3,850.0,720.0,0.16598513747426136,130.0,,,,,,,,,,,
1968-12,,,-0.2,830.0,710.0,0.15616073075528192,120.0,,,,,,,,,,,
1969-01,,,1.5,830.0,710.0,0.15616073075528192,120.0,,,,,,,,,,,
1969-02,,,0.5,840.0,710.0,0.1681369218019979,130.0,,,,,,,,,,,
1969-03,,,-0.4,830.0,690.0,0.18473410319933858,140.0,,,,,,,,,,,
1969-04,,,0.4,810.0,660.0,0.20479441264601306,150.0,,,,,,,,,,,
1969-05,,,0.2,810.0,650.0,0.22006188477680144,160.0,,,,,,,,,,,
1969-06,,,-0.2,800.0,680.0,0.16251892949777513,120.0,,,,,,,,,,,
1969-07,,,0.5,780.0,690.0,0.1226023220923329,90.0,,,,,,,,,,,
1969-08,,,0.1,810.0,720.0,0.11778303565638293,90.0,,,,,,,,,,,
1969-09,,,1.0,900.0,760.0,0.16907633004393396,140.0,,,,,,,,,,,
1969-10,,,0.9,1040.0,850.0,0.20173964265105582,190.0,,,,,,,,,,,
1969-11,,,0.1,1020.0,820.0,0.21825356602001822,200.0,,,,,,,,,,,
1969-12,,,-0.4,1050.0,830.0,0.2351197423609257,220.0,,,,,,,,,,,
1970-01,,,1.1,1140.0,860.0,0.2818511521409883,280.0,,,,,,,,,,,
1970-02,,,1.0,1150.0,850.0,0.3022808718729335,300.0,,,,,,,,,,,
1970-03,,,-0.6,1170.0,870.0,0.2962658161431726,300.0,,,,,,,,,,,
1970-04,,,0.1,1200.0,910.0,0.27663223626519606,290.0,,,,,,,,,,,
1970-05,,,-0.4,1220.0,940.0,0.2607262624632529,280.0,,,,,,,,,,,
1970-06,,,-1.0,1210.0,930.0,0.26319105244348506,280.0,,,,,,,,,,,
1970-07,,,0.4,1210.0,940.0,0.2524957633267366,270.0,,,,,,,,,,,
1970-08,,,-0.6,1180.0,940.0,0.22738984219566039,240.0,,,,,,,,,,,
1970-09,,,-1.2,1160.0,940.0,0.21029540883636066,220.0,,,,,,,,,,,
1970-10,,,-1.0,1120.0,940.0,0.17520408902509033,180.0,,,,,,,,,,,
1970-11,,,-1.6,1030.0,920.0,0.11294041118059539,110.0,,,,,,,,,,,
1970-12,,,-1.9,980.0,920.0,0.06317890162153095,60.0,,,,,,,,,,,
1971-01,,,-0.4,1000.0,930.0,0.07257069283483553,70.0,,,,,,,,,,,
1971-02,,,-2.0,980.0,930.0,0.05236798551731603,50.0,,,,,,,,,,,
1971-03,,,-2.3,1010.0,940.0,0.07182573457125496,70.0,,,,,,,,,,,
1971-04,,,-1.7,990.0,940.0,0.05182506786458596,50.0,,,,,,,,,,,
1971-05,,,-0.9,1020.0,940.0,0.08167803101426685,80.0,,,,,,,,,,,
1971-06,,,-0.4,1000.0,930.0,0.07257069283483553,70.0,,,,,,,,,,,
1971-07,,,-0.2,990.0,930.0,0.0625203569813344,60.0,,,,,,,,,,,
1971-08,,,-1.5,1010.0,930.0,0.0825210236880034,80.0,,,,,,,,,,,
1971-09,,,-1.4,960.0,920.0,0.04255961441879563,40.0,,,,,,,,,,,
1971-10,,,-1.7,940.0,920.0,0.02150620522096336,20.0,,,,,,,,,,,
1971-11,,,-0.5,970.0,930.0,0.04211148535012743,40.0,,,,,,,,,,,
1971-12,,,-0.3,1020.0,940.0,0.08167803101426685,80.0,,,,,,,,,,,
1972-01,,,-0.5,990.0,930.0,0.0625203569813344,60.0,,,,,,,,,,,
1972-02,,,-1.1,1000.0,930.0,0.07257069283483553,70.0,,,,,,,,,,,
1972-03,,,-0.6,1020.0,950.0,0.07109592168372991,70.0,,,,,,,,,,,
1972-04,,,0.1,1010.0,960.0,0.05077232537342269,50.0,,,,,,,,,,,
1972-05,,,1.6,1040.0,960.0,0.08004270767353638,80.0,,,,,,,,,,,
1972-06,,,0.5,1070.0,960.0,0.10848064299406968,110.0,,,,,,,,,,,
1972-07,,,1.4,1240.0,1040.0,0.17589066646366458,200.0,,,,,,,,,,,
1972-08,,,0.5,1200.0,1040.0,0.14310084364067333,160.0,,,,,,,,,,,
1972-09,,,1.4,1170.0,1030.0,0.12744494656812044,140.0,,,,,,,,,,,
1972-10,,,0.9,1180.0,1040.0,0.12629372532429173,140.0,,,,,,,,,,,
1972-11,,,0.3,1190.0,1040.0,0.13473259397015624,150.0,,,,,,,,,,,
1972-12,,,1.3,1220.0,1050.0,0.15006069457573368,170.0,,,,,,,,,,,
1973-01,,,0.3,1280.0,1050.0,0.19806991376209382,230.0,,,,,,,,,,,
1973-02,,,1.4,1450.0,1090.0,0.28538586019143075,360.0,,,,,,,,,,,
1973-03,,,-0.7,1420.0,1110.0,0.24629685628892695,310.0,,,,,,,,,,,
1973-04,,,-0.1,1290.0,1080.0,0.17768117723745203,210.0,,,,,,,,,,,
1973-05,,,-0.4,1420.0,1070.0,0.2829982231393551,350.0,,,,,,,,,,,
1973-06,,,-1.1,1410.0,1080.0,0.2666286632539485,330.0,,,,,,,,,,,
1973-07,,,-0.6,1360.0,1060.0,0.24921579162398455,300.0,,,,,,,,,,,
1973-08,,,-1.3,1330.0,1040.0,0.24595822908038123,290.0,,,,,,,,,,,
1973-09,,,-1.2,1330.0,1100.0,0.18986876242933803,230.0,,,,,,,,,,,
1973-10,,,-0.8,1380.0,1150.0,0.182321556793954,230.0,,,,,,,,,,,
1973-11,,,-2.6,1390.0,1170.0,0.1722999983329352,220.0,,,,,,,,,,,
1973-12,,,-1.8,1420.0,1190.0,0.17670356448973212,230.0,,,,,,,,,,,
1974-01,,,-2.4,1530.0,1230.0,0.21825356602001822,300.0,,,,,,,,,,,
1974-02,,,-2.1,1650.0,1330.0,0.21559634567882657,320.0,,,,,,,,,,,
1974-03,,,-2.4,1580.0,1380.0,0.1353413478697627,200.0,,,,,,,,,,,
1974-04,,,-0.9,1550.0,1410.0,0.09466522654107834,140.0,,,,,,,,,,,
1974-05,,,-1.0,1570.0,1420.0,0.10041874774704684,150.0,,,,,,,,,,,
1974-06,,,-0.4,1590.0,1360.0,0.15624931648418006,230.0,,,,,,,,,,,
1974-07,,,-1.1,1520.0,1300.0,0.15634607039069426,220.0,,,,,,,,,,,
1974-08,,,-0.8,1380.0,1230.0,0.11506932978478712,150.0,,,,,,,,,,,
1974-09,,,-1.1,1200.0,1190.0,0.00836824967051708,10.0,,,,,,,,,,,
1974-10,,,-0.9,1250.0,1210.0,0.03252319170556017,40.0,,,,,,,,,,,
1974-11,,,0.1,1310.0,1230.0,0.06301296782873411,80.0,,,,,,,,,,,
1974-12,,,-0.2,1300.0,1220.0,0.06351340572232544,80.0,,,,,,,,,,,
1975-01,,,0.5,1230.0,1200.0,0.024692612590371255,30.0,,,,,,,,,,,
1975-02,,,-0.8,1180.0,1150.0,0.025752496102414035,30.0,,,,,,,,,,,
1975-03,,,-1.6,1100.0,1090.0,0.009132483563272231,10.0,,,,,,,,,,,
1975-04,,,-1.2,1050.0,1080.0,-0.028170876966696845,-30.0,,,,,,,,,,,
1975-05,,,-0.6,1120.0,1050.0,0.06453852113757108,70.0,,,,,,,,,,,
1975-06,,,-1.3,1230.0,1090.0,0.12083647314327361,140.0,,,,,,,,,,,
1975-07,,,-1.9,1450.0,1290.0,0.11692133805890226,160.0,,,,,,,,,,,
1975-08,,,-2.0,1840.0,1700.0,0.0791373205587238,140.0,,,,,,,,,,,
1975-09,,,-2.1,1780.0,1680.0,0.05781957088882628,100.0,,,,,,,,,,,
1975-10,,,-1.7,1770.0,1610.0,0.09474536758936569,160.0,,,,,,,,,,,
1975-11,,,-1.2,1710.0,1570.0,0.08541775115435168,140.0,,,,,,,,,,,
1975-12,,,-2.1,1840.0,1630.0,0.12118555680222265,210.0,,,,,,,,,,,
1976-01,,,-1.4,2050.0,1740.0,0.16395467992387847,310.0,,,,,,,,,,,
1976-02,,,-1.7,2190.0,1820.0,0.1850650427397058,370.0,,,,,,,,,,,
1976-03,,,-1.7,2200.0,1820.0,0.18962085927556593,380.0,,,,,,,,,,,
1976-04,,,-0.3,2700.0,2380.0,0.1261512853269,320.0,,,,,,,,,,,
1976-05,,,-0.4,2990.0,2680.0,0.10945659287983034,310.0,,,,,,,,,,,
1976-06,,,-0.3,3300.0,2870.0,0.13961043870090517,430.0,,,,,,,,,,,
1976-07,,,0.9,3030.0,2780.0,0.0861116918187319,250.0,,,,,,,,,,,
1976-08,,,0.8,3380.0,2920.0,0.14629209321473713,460.0,,,,,,,,,,,
1976-09,,,1.1,3510.0,3020.0,0.15035920609099662,490.0,,,,,,,,,,,
1976-10,,,-0.4,3820.0,3350.0,0.13129007678150906,470.0,,,,,,,,,,,
1976-11,,,-0.7,4030.0000000000005,3890.0,0.035357218328236684,140.00000000000045,,,,,,,,,,,
1976-12,,,0.3,4570.0,4500.0,0.01543580812983869,70.0,,,,,,,,,,,
1977-01,,,0.4,4830.0,4770.0,0.012500162764231604,60.0,,,,,,,,,,,
1977-02,,,-1.2,5410.0,5430.0,-0.0036900410874540768,-20.0,,,,,,,,,,,
1977-03,,,0.5,6710.0,6750.0,-0.0059435539008472205,-40.0,,,,,,,,,,,
1977-04,,,0.4,7000.0,6880.0,0.017291497110061727,120.0,,,,,,,,,,,
1977-05,,,0.5,6290.0,5940.0,0.057251937337795766,350.0,,,,,,,,,,,
1977-06,,,0.9,5780.0,4940.0,0.157038351484454,840.0,,,,,,,,,,,
1977-07,,,1.1,4850.0,4330.0,0.11341116293499454,520.0,,,,,,,,,,,
1977-08,,,0.8,4400.0,4480.0,-0.018018505502677584,-80.0,,,,,,,,,,,
1977-09,,,0.8,4180.0,4440.0,-0.06034312990746926,-260.0,,,,,,,,,,,
1977-10,,,1.0,3770.0,3830.0,-0.015789801732635667,-60.0,,,,,,,,,,,
1977-11,,,1.3,4350.0,3680.0,0.16726309291975383,670.0,,,,,,,,,,,
1977-12,,,1.1,4470.0,3720.0,0.18366474034042213,750.0,,,,,,,,,,,
1978-01,,,0.3,4550.0,3900.0,0.15415067982725894,650.0,,,,,,,,,,,
1978-02,,,2.7,4360.0,3850.0,0.12439890906124873,510.0,,,,,,,,,,,
1978-03,,,0.2,3860.0,3480.0,0.1036348896903565,380.0,,,,,,,,,,,
1978-04,,,0.3,3940.0,3190.0,0.21115980651308952,750.0,,,,,,,,,,,
1978-05,,,-1.4,3740.0,3000.0,0.2204733227583322,740.0,,,,,,,,,,,
1978-06,,,-0.7,3710.0,3330.0,0.10805957262699195,380.0,,,,,,,,,,,
1978-07,,,-0.6,2950.0,2790.0,0.05576357451845393,160.0,,,,,,,,,,,
1978-08,,,-0.4,3050.0,2830.0,0.07486487896417326,220.0,,,,,,,,,,,
1978-09,,,-0.1,3420.0,3240.0,0.05406722127027486,180.0,,,,,,,,,,,
1978-10,,,0.4,3400.0,3310.0,0.026827242233144588,90.0,,,,,,,,,,,
1978-11,,,0.0,3220.0,3180.0,0.012500162764231604,40.0,,,,,,,,,,,
1978-12,,,0.1,2890.0,2910.0,-0.006896579059059604,-20.0,,,,,,,,,,,
1979-01,,,0.4,2830.0,2940.0,-0.038132869695443716,-110.0,,,,,,,,,,,
1979-02,,,-1.0,2710.0,2920.0,-0.07463498138858071,-210.0,,,,,,,,,,,
1979-03,,,-0.1,2870.0,2980.0,-0.037611270745784076,-110.0,,,,,,,,,,,
1979-04,,,0.1,3060.0,3130.0,-0.022618088587773144,-70.0,,,,,,,,,,,
1979-05,,,-0.5,3300.0,3260.0,0.01219527309381796,40.0,,,,,,,,,,,
1979-06,,,-0.6,4260.0,4160.0,0.023754086008107578,100.0,,,,,,,,,,,
1979-07,,,-1.3,4490.0,4320.0,0.03859729949814472,170.0,,,,,,,,,,,
1979-08,,,0.2,4350.0,4010.0,0.08138460378211576,340.0,,,,,,,,,,,
1979-09,,,-0.1,4570.0,4230.0,0.07731121184792578,340.0,,,,,,,,,,,
1979-10,,,0.1,4620.0,4059.9999999999995,0.1292117314800052,560.0000000000005,,,,,,,,,,,
1979-11,,,0.4,4560.0,3910.0,0.15378524952902062,650.0,,,,,,,,,,,
1979-12,,,0.7,4280.0,3900.0,0.09297645645810526,380.0,,,,,,,,,,,
2026-09,,,,,,,,,,,,,,,,,,
