lag,spec,var,coef,se_hac,t,p,n,r2
0,oni + lagged Δ + month dummies,oni,-0.01654448863257659,0.008045910626987453,-2.0562605526692472,0.039757408420288735,558,0.05909892982575593
0,oni + lagged Δ + month dummies,d3_lag3,0.1273231389451285,0.06054660263329311,2.102894851363908,0.03547496200643993,558,0.05909892982575593
0,"… + Δlog cert robusta stocks (1993→, same sample)",oni,0.0007087440887170156,0.010752906845295862,0.065911859826729,0.9474479983409512,195,0.06539170213204037
0,"… + Δlog cert robusta stocks (1993→, same sample)",d3_lag3,0.20613032200435172,0.05717882809657927,3.6050113104133987,0.0003121393340379103,195,0.06539170213204037
0,"… + Δlog cert robusta stocks (1993→, same sample)",dlog_rob_stocks_12,0.00018315588794914109,0.026982772372560623,0.006787882483691571,0.9945840949557024,195,0.06539170213204037
0,"oni alone, 2010-08→ sample",oni,0.0004321066779955814,0.010148822957533865,0.04257702393702827,0.9660387111197885,191,0.06521706605460809
0,"oni alone, 2010-08→ sample",d3_lag3,0.19706200421384737,0.07772144469245999,2.535490751537265,0.01122898934828565,191,0.06521706605460809
0,… + Δlog cert stocks rob & ara (2010-08→),oni,0.003404891350848805,0.010449734423906792,0.32583520429563556,0.7445490418119651,178,0.12431917080812016
0,… + Δlog cert stocks rob & ara (2010-08→),d3_lag3,0.22709787147538288,0.06694115672375033,3.3924999595175787,0.0006925794224713989,178,0.12431917080812016
0,… + Δlog cert stocks rob & ara (2010-08→),dlog_rob_stocks_12,-0.0033444357191035547,0.0258844961748241,-0.12920613546098053,0.8971945415113344,178,0.12431917080812016
0,… + Δlog cert stocks rob & ara (2010-08→),dlog_ara_stocks_12,0.05153905224713654,0.01936182911555781,2.661889635505737,0.007770335116453643,178,0.12431917080812016
0,ONI⁺ / ONI⁻ (asymmetry) + lagged Δ + month dummies,oni_pos,-0.026918595924247682,0.01542762847431853,-1.744830449414665,0.08101438682045171,558,0.062426462002960204
0,ONI⁺ / ONI⁻ (asymmetry) + lagged Δ + month dummies,oni_neg,-0.0016334370612691236,0.015985038268787093,-0.10218537070747125,0.9186095394522666,558,0.062426462002960204
0,ONI⁺ / ONI⁻ (asymmetry) + lagged Δ + month dummies,d3_lag3,0.12511451608976026,0.0594439386966646,2.1047480842109882,0.03531324246142129,558,0.062426462002960204
1,oni + lagged Δ + month dummies,oni,-0.016744978363671274,0.008790596017938307,-1.9048740642273925,0.056796443358765186,558,0.060501533486217896
1,oni + lagged Δ + month dummies,d3_lag3,0.12716735109948282,0.05955836512060145,2.1351719584978195,0.03274696653616193,558,0.060501533486217896
1,"… + Δlog cert robusta stocks (1993→, same sample)",oni,0.002144477105327519,0.011439587762997723,0.18746104752690515,0.851299161829552,195,0.06569301223676494
1,"… + Δlog cert robusta stocks (1993→, same sample)",d3_lag3,0.20747955969343082,0.058634418418702525,3.5385284835920094,0.000402363868800798,195,0.06569301223676494
1,"… + Δlog cert robusta stocks (1993→, same sample)",dlog_rob_stocks_12,-0.00019682254225754663,0.026833210287307598,-0.007335035210104765,0.994147541132681,195,0.06569301223676494
1,"oni alone, 2010-08→ sample",oni,0.0011057484004680716,0.011121333877986436,0.09942587935938059,0.9208001358069897,192,0.06562872495362071
1,"oni alone, 2010-08→ sample",d3_lag3,0.19686529901913213,0.07638874392749183,2.577150623212192,0.009961853078765032,192,0.06562872495362071
1,… + Δlog cert stocks rob & ara (2010-08→),oni,0.0037301275113220183,0.01120825422823549,0.3328018293808143,0.7392838772374764,178,0.12447679187896366
1,… + Δlog cert stocks rob & ara (2010-08→),d3_lag3,0.22598815031991837,0.06859400561436738,3.2945757912202165,0.000985703590342717,178,0.12447679187896366
1,… + Δlog cert stocks rob & ara (2010-08→),dlog_rob_stocks_12,-0.003407235749087252,0.025467041237115705,-0.13379001185742542,0.8935686255686563,178,0.12447679187896366
1,… + Δlog cert stocks rob & ara (2010-08→),dlog_ara_stocks_12,0.05155200667705713,0.019401613012121153,2.657099007430466,0.007881629215188523,178,0.12447679187896366
1,ONI⁺ / ONI⁻ (asymmetry) + lagged Δ + month dummies,oni_pos,-0.031041189496401667,0.016961493380358756,-1.8300976688967177,0.06723533546765856,558,0.06681980494230311
1,ONI⁺ / ONI⁻ (asymmetry) + lagged Δ + month dummies,oni_neg,0.0037922074342799927,0.01590001531037903,0.23850338255992487,0.8114906921386531,558,0.06681980494230311
1,ONI⁺ / ONI⁻ (asymmetry) + lagged Δ + month dummies,d3_lag3,0.12405327281829867,0.05797458756370605,2.1397870693255263,0.03237197868082125,558,0.06681980494230311
2,oni + lagged Δ + month dummies,oni,-0.015643931922334348,0.009426536784363828,-1.6595630272491548,0.097002391425337,558,0.059336272471779083
2,oni + lagged Δ + month dummies,d3_lag3,0.12970894650875353,0.059189575897546094,2.1914153724174774,0.02842174768056566,558,0.059336272471779083
2,"… + Δlog cert robusta stocks (1993→, same sample)",oni,0.0035846995651317983,0.01159229299965414,0.3092312767835276,0.757145603610388,195,0.06631573336875785
2,"… + Δlog cert robusta stocks (1993→, same sample)",d3_lag3,0.2076945102789194,0.058996022520662494,3.5204832699726056,0.000430761166266983,195,0.06631573336875785
2,"… + Δlog cert robusta stocks (1993→, same sample)",dlog_rob_stocks_12,-0.0006201677339652511,0.026873662032014616,-0.023077157598634854,0.9815887264292593,195,0.06631573336875785
2,"oni alone, 2010-08→ sample",oni,0.0026148786757684943,0.011292013098299124,0.23156886668528257,0.8168728910313964,193,0.06638057894532479
2,"oni alone, 2010-08→ sample",d3_lag3,0.19954973825691105,0.07638149563714364,2.6125403357494847,0.008987208651233859,193,0.06638057894532479
2,… + Δlog cert stocks rob & ara (2010-08→),oni,0.0039685964906139275,0.011703795102692552,0.33908629259076145,0.734544724313623,178,0.1246032696481324
2,… + Δlog cert stocks rob & ara (2010-08→),d3_lag3,0.2249590990598885,0.06893133363391934,3.2635245424758748,0.0011003565343904362,178,0.1246032696481324
2,… + Δlog cert stocks rob & ara (2010-08→),dlog_rob_stocks_12,-0.003464273548085073,0.02537252987688207,-0.13653638659192244,0.8913972615345263,178,0.1246032696481324
2,… + Δlog cert stocks rob & ara (2010-08→),dlog_ara_stocks_12,0.05152901537885055,0.01944400130920725,2.6501240438844342,0.008046222289256808,178,0.1246032696481324
2,ONI⁺ / ONI⁻ (asymmetry) + lagged Δ + month dummies,oni_pos,-0.03351376952952736,0.018053846948997247,-1.8563229002774277,0.06340754687088494,558,0.06921061672125861
2,ONI⁺ / ONI⁻ (asymmetry) + lagged Δ + month dummies,oni_neg,0.01000032367988466,0.015474813543594099,0.6462322568031431,0.5181289522709049,558,0.06921061672125861
2,ONI⁺ / ONI⁻ (asymmetry) + lagged Δ + month dummies,d3_lag3,0.12543635144323312,0.057262892776780594,2.1905346614639774,0.0284854838678651,558,0.06921061672125861
3,oni + lagged Δ + month dummies,oni,-0.014801181609417572,0.010230759657446431,-1.446733390774611,0.14797160870175327,557,0.05755958535928163
3,oni + lagged Δ + month dummies,d3_lag3,0.1300407242958193,0.05964629906733507,2.180197704286993,0.02924280971724822,557,0.05755958535928163
3,"… + Δlog cert robusta stocks (1993→, same sample)",oni,0.005102880024034764,0.01131417256663256,0.4510166336939243,0.6519775606405154,195,0.06733351621517458
3,"… + Δlog cert robusta stocks (1993→, same sample)",d3_lag3,0.20695067099499448,0.05880756246971991,3.5191166289463816,0.00043298631752424816,195,0.06733351621517458
3,"… + Δlog cert robusta stocks (1993→, same sample)",dlog_rob_stocks_12,-0.001079436076796742,0.027155313085927283,-0.03975045595611781,0.9682920754028826,195,0.06733351621517458
3,"oni alone, 2010-08→ sample",oni,0.0037508084358197245,0.010880593478181712,0.34472461849999503,0.7303014084616553,193,0.06693091564002285
3,"oni alone, 2010-08→ sample",d3_lag3,0.1991224092070878,0.07551485616394438,2.6368640466557833,0.008367636024165327,193,0.06693091564002285
3,… + Δlog cert stocks rob & ara (2010-08→),oni,0.004311061176918166,0.011626958725587815,0.3707814982976311,0.7108002828814428,178,0.12479529776105802
3,… + Δlog cert stocks rob & ara (2010-08→),d3_lag3,0.2239958854593496,0.0686331668962072,3.2636682174100295,0.0010997987421215156,178,0.12479529776105802
3,… + Δlog cert stocks rob & ara (2010-08→),dlog_rob_stocks_12,-0.003559592614740632,0.025638532722839873,-0.1388376102962241,0.8895784730657803,178,0.12479529776105802
3,… + Δlog cert stocks rob & ara (2010-08→),dlog_ara_stocks_12,0.05148400370944861,0.019489623150987092,2.6416110414552114,0.008251275438767367,178,0.12479529776105802
3,ONI⁺ / ONI⁻ (asymmetry) + lagged Δ + month dummies,oni_pos,-0.03574795331566003,0.018206126685706623,-1.9635122798373832,0.04958667902875999,557,0.07088937766991565
3,ONI⁺ / ONI⁻ (asymmetry) + lagged Δ + month dummies,oni_neg,0.014977649384077084,0.01585864940013873,0.9444467183911677,0.3449414173000289,557,0.07088937766991565
3,ONI⁺ / ONI⁻ (asymmetry) + lagged Δ + month dummies,d3_lag3,0.12249592158298314,0.05732227599488452,2.1369689088045765,0.03260052051403756,557,0.07088937766991565
4,oni + lagged Δ + month dummies,oni,-0.013448707232799288,0.010965251008221408,-1.226484211142623,0.22001651331221217,556,0.055106143487950066
4,oni + lagged Δ + month dummies,d3_lag3,0.1320512729646592,0.06067231857331352,2.1764665677823865,0.02952039092514791,556,0.055106143487950066
4,"… + Δlog cert robusta stocks (1993→, same sample)",oni,0.007419450626431547,0.011215145381448107,0.661556348498582,0.5082555907254099,195,0.06959010680296163
4,"… + Δlog cert robusta stocks (1993→, same sample)",d3_lag3,0.20603748056063184,0.05884055957065269,3.501623405080516,0.0004624327587169323,195,0.06959010680296163
4,"… + Δlog cert robusta stocks (1993→, same sample)",dlog_rob_stocks_12,-0.0017169796626067169,0.027412637763200833,-0.06263460223852,0.9500574748998772,195,0.06959010680296163
4,"oni alone, 2010-08→ sample",oni,0.00586544006141889,0.010393753034394984,0.5643235934131771,0.5725339275216437,193,0.0684813773546088
4,"oni alone, 2010-08→ sample",d3_lag3,0.1986454738463388,0.074848322990054,2.6539736083697587,0.007955004842144115,193,0.0684813773546088
4,… + Δlog cert stocks rob & ara (2010-08→),oni,0.005709043715993553,0.011544601539053465,0.49452063777868893,0.6209385349388645,178,0.12572213066223203
4,… + Δlog cert stocks rob & ara (2010-08→),d3_lag3,0.22368382038110216,0.06855878968784446,3.26265707722611,0.0011037298751825691,178,0.12572213066223203
4,… + Δlog cert stocks rob & ara (2010-08→),dlog_rob_stocks_12,-0.003922565238708048,0.025959900396235924,-0.1511009356290444,0.8798960944502224,178,0.12572213066223203
4,… + Δlog cert stocks rob & ara (2010-08→),dlog_ara_stocks_12,0.0515055306272898,0.019521838105872654,2.638354562104255,0.008330942691944633,178,0.12572213066223203
4,ONI⁺ / ONI⁻ (asymmetry) + lagged Δ + month dummies,oni_pos,-0.0364153280521609,0.017726556703234864,-2.0542809673531,0.03994850575246289,556,0.07095329798972883
4,ONI⁺ / ONI⁻ (asymmetry) + lagged Δ + month dummies,oni_neg,0.01900767794995667,0.01694417077274659,1.1217827183687898,0.26195483582921464,556,0.07095329798972883
4,ONI⁺ / ONI⁻ (asymmetry) + lagged Δ + month dummies,d3_lag3,0.12087961156125471,0.05832985624457837,2.072345439261908,0.03823323768049315,556,0.07095329798972883
6,oni + lagged Δ + month dummies,oni,-0.009710082465195502,0.010932533014650882,-0.8881823134842445,0.3744426909383409,554,0.04977318727932767
6,oni + lagged Δ + month dummies,d3_lag3,0.1392537598582593,0.0621737549300037,2.239751483805886,0.025107061166568564,554,0.04977318727932767
6,"… + Δlog cert robusta stocks (1993→, same sample)",oni,0.009532883962528112,0.01064441841633254,0.8955758398130125,0.3704793440795979,195,0.07244010358756037
6,"… + Δlog cert robusta stocks (1993→, same sample)",d3_lag3,0.20238552256137196,0.05829108467047408,3.471980727507124,0.0005166334244576652,195,0.07244010358756037
6,"… + Δlog cert robusta stocks (1993→, same sample)",dlog_rob_stocks_12,-0.0019410413718812392,0.026992479956416997,-0.07191044968877675,0.942673173932441,195,0.07244010358756037
6,"oni alone, 2010-08→ sample",oni,0.008169863345769917,0.00994007956484327,0.8219112626286845,0.41112740250618307,193,0.07101734608955212
6,"oni alone, 2010-08→ sample",d3_lag3,0.19583178661489703,0.07360715616517982,2.660499288621289,0.00780248920800169,193,0.07101734608955212
6,… + Δlog cert stocks rob & ara (2010-08→),oni,0.006295615806451218,0.010999563074872919,0.572351443743501,0.5670839044105033,178,0.12622893244024602
6,… + Δlog cert stocks rob & ara (2010-08→),d3_lag3,0.2219766512840113,0.06856265105640005,3.237573924926152,0.0012055070253034275,178,0.12622893244024602
6,… + Δlog cert stocks rob & ara (2010-08→),dlog_rob_stocks_12,-0.004032024444038278,0.025779297630724663,-0.1564055197234222,0.8757133866106284,178,0.12622893244024602
6,… + Δlog cert stocks rob & ara (2010-08→),dlog_ara_stocks_12,0.051270545874333176,0.019231044260972375,2.6660302570454797,0.007675278479649454,178,0.12622893244024602
6,ONI⁺ / ONI⁻ (asymmetry) + lagged Δ + month dummies,oni_pos,-0.02805331859532317,0.016960412811332128,-1.6540469213449391,0.09811797946693607,554,0.059713069786177075
6,ONI⁺ / ONI⁻ (asymmetry) + lagged Δ + month dummies,oni_neg,0.016076277016798687,0.015893371661564074,1.011508278993874,0.3117732206651469,554,0.059713069786177075
6,ONI⁺ / ONI⁻ (asymmetry) + lagged Δ + month dummies,d3_lag3,0.12610255409319335,0.06056853253110626,2.081981332937705,0.03734417482728055,554,0.059713069786177075
7,oni + lagged Δ + month dummies,oni,-0.008129391624237804,0.010186393559878411,-0.7980637677555862,0.4248334860064098,553,0.0478011683638121
7,oni + lagged Δ + month dummies,d3_lag3,0.14199592199296973,0.06228137758969976,2.2799097818358685,0.022613039791861272,553,0.0478011683638121
7,"… + Δlog cert robusta stocks (1993→, same sample)",oni,0.007992686858808511,0.009823215607821009,0.8136527974042355,0.41584388243630876,195,0.07034554210970445
7,"… + Δlog cert robusta stocks (1993→, same sample)",d3_lag3,0.20084251995357444,0.05741038109263511,3.498365907543845,0.0004681184167929731,195,0.07034554210970445
7,"… + Δlog cert robusta stocks (1993→, same sample)",dlog_rob_stocks_12,-0.0013807320513232867,0.026566077248992247,-0.05197350133338422,0.9585498077411038,195,0.07034554210970445
7,"oni alone, 2010-08→ sample",oni,0.006787716387936865,0.009495244299777198,0.7148543179764354,0.4746990671221478,193,0.06945873067385899
7,"oni alone, 2010-08→ sample",d3_lag3,0.19452623921906248,0.07262141561040214,2.678634636684209,0.007392300645600771,193,0.06945873067385899
7,… + Δlog cert stocks rob & ara (2010-08→),oni,0.003938167678191139,0.009837318166194492,0.400329399909467,0.6889139164648437,178,0.12463280392720932
7,… + Δlog cert stocks rob & ara (2010-08→),d3_lag3,0.2212073535189664,0.06843697876567874,3.232278185107468,0.0012280743801232113,178,0.12463280392720932
7,… + Δlog cert stocks rob & ara (2010-08→),dlog_rob_stocks_12,-0.003408083010366819,0.025469614577650717,-0.13380975986018145,0.8935530093535774,178,0.12463280392720932
7,… + Δlog cert stocks rob & ara (2010-08→),dlog_ara_stocks_12,0.0510797607302579,0.019242222511574116,2.6545665761599855,0.007941036772913653,178,0.12463280392720932
7,ONI⁺ / ONI⁻ (asymmetry) + lagged Δ + month dummies,oni_pos,-0.018876734963881796,0.015941738129151253,-1.1841077058820564,0.23637043013880277,553,0.05119339452156513
7,ONI⁺ / ONI⁻ (asymmetry) + lagged Δ + month dummies,oni_neg,0.006967016009184277,0.014703890532397814,0.4738212647757071,0.6356273692555537,553,0.05119339452156513
7,ONI⁺ / ONI⁻ (asymmetry) + lagged Δ + month dummies,d3_lag3,0.13358449577506593,0.06099760489541722,2.1899957548185993,0.028524544699191762,553,0.05119339452156513
9,oni + lagged Δ + month dummies,oni,-0.0075856508848586015,0.009226534648710786,-0.8221560069596158,0.4109881131990194,551,0.0469095776426216
9,oni + lagged Δ + month dummies,d3_lag3,0.14470704119158764,0.062254395865520354,2.3244469596039203,0.020101551196449578,551,0.0469095776426216
9,"… + Δlog cert robusta stocks (1993→, same sample)",oni,0.006782955147760808,0.010532188230119642,0.6440214511513489,0.5195615239369678,195,0.06895889318129222
9,"… + Δlog cert robusta stocks (1993→, same sample)",d3_lag3,0.1996912431542691,0.05575383285346424,3.58165946508306,0.00034141863943185243,195,0.06895889318129222
9,"… + Δlog cert robusta stocks (1993→, same sample)",dlog_rob_stocks_12,-0.0008538384412800414,0.02615626126049172,-0.03264374953196158,0.9739586813244746,195,0.06895889318129222
9,"oni alone, 2010-08→ sample",oni,0.005928945883516483,0.01058821802392416,0.5599569134409571,0.5755088270316198,193,0.06865391196875759
9,"oni alone, 2010-08→ sample",d3_lag3,0.19318340095348244,0.070472952386086,2.741241773086607,0.0061207450808562405,193,0.06865391196875759
9,… + Δlog cert stocks rob & ara (2010-08→),oni,0.0019293706883372654,0.008845078666746508,0.21812928533816503,0.8273283803410632,178,0.12384469074042537
9,… + Δlog cert stocks rob & ara (2010-08→),d3_lag3,0.22115514175791273,0.06784861311883242,3.2595381333819446,0.0011159377774502379,178,0.12384469074042537
9,… + Δlog cert stocks rob & ara (2010-08→),dlog_rob_stocks_12,-0.0028828666525063285,0.025268652505999526,-0.11408865794572348,0.9091675131642984,178,0.12384469074042537
9,… + Δlog cert stocks rob & ara (2010-08→),dlog_ara_stocks_12,0.05090787286663445,0.019452894004051376,2.6169819696767007,0.008871102706395972,178,0.12384469074042537
9,ONI⁺ / ONI⁻ (asymmetry) + lagged Δ + month dummies,oni_pos,-0.000267374525000749,0.014896632212251893,-0.017948655856646845,0.9856798134937624,551,0.04850172192814939
9,ONI⁺ / ONI⁻ (asymmetry) + lagged Δ + month dummies,oni_neg,-0.017929890596150532,0.015348700546407105,-1.1681699399854175,0.24273822316046156,551,0.04850172192814939
9,ONI⁺ / ONI⁻ (asymmetry) + lagged Δ + month dummies,d3_lag3,0.14951469789275323,0.06173691564372737,2.4218038159790107,0.015443685491896446,551,0.04850172192814939
10,oni + lagged Δ + month dummies,oni,-0.007916165056447138,0.009139026248425131,-0.8661934916546803,0.3863840618734723,550,0.04719344846814921
10,oni + lagged Δ + month dummies,d3_lag3,0.14530259873043833,0.06225458745239746,2.334006290565221,0.01959539253432596,550,0.04719344846814921
10,"… + Δlog cert robusta stocks (1993→, same sample)",oni,0.008762921781274286,0.012441717695922479,0.7043176830917934,0.48123495645726255,195,0.0714018580592054
10,"… + Δlog cert robusta stocks (1993→, same sample)",d3_lag3,0.19902018985151632,0.05552940446090547,3.5840505005169483,0.00033830663092409104,195,0.0714018580592054
10,"… + Δlog cert robusta stocks (1993→, same sample)",dlog_rob_stocks_12,-0.0010644259905618907,0.02611101177479019,-0.040765405789046395,0.9674829186022644,195,0.0714018580592054
10,"oni alone, 2010-08→ sample",oni,0.008198065990267317,0.012459219013093598,0.6579919641553644,0.5105432947927317,193,0.07123408711173684
10,"oni alone, 2010-08→ sample",d3_lag3,0.19185546183884392,0.06994520709114482,2.7429393637914203,0.006089192847329201,193,0.07123408711173684
10,… + Δlog cert stocks rob & ara (2010-08→),oni,0.004366164590754612,0.010428969295907312,0.41865734444803154,0.6754665739207737,178,0.12494949753337448
10,… + Δlog cert stocks rob & ara (2010-08→),d3_lag3,0.22021481204457805,0.0675343494467228,3.260782310760295,0.0011110530339238627,178,0.12494949753337448
10,… + Δlog cert stocks rob & ara (2010-08→),dlog_rob_stocks_12,-0.003387466855726809,0.025296524386894947,-0.13391036665423142,0.8934734527168766,178,0.12494949753337448
10,… + Δlog cert stocks rob & ara (2010-08→),dlog_ara_stocks_12,0.05042934535624575,0.01907153288636115,2.6442208739450557,0.008187920726775898,178,0.12494949753337448
10,ONI⁺ / ONI⁻ (asymmetry) + lagged Δ + month dummies,oni_pos,0.004722745067215312,0.015507272979555576,0.30455032767151696,0.7607086564948957,550,0.052009863166562864
10,ONI⁺ / ONI⁻ (asymmetry) + lagged Δ + month dummies,oni_neg,-0.025877249639631127,0.015684934568126023,-1.649815593889522,0.09898065835962817,550,0.052009863166562864
10,ONI⁺ / ONI⁻ (asymmetry) + lagged Δ + month dummies,d3_lag3,0.1507936072675567,0.06269362768142378,2.40524616048398,0.016161575360530363,550,0.052009863166562864
11,oni + lagged Δ + month dummies,oni,-0.007504845584089867,0.009216682741015367,-0.8142675401739049,0.41549170082510534,549,0.046781221429025965
11,oni + lagged Δ + month dummies,d3_lag3,0.14595171843577506,0.06232617561811454,2.3417403199909397,0.019194064450015296,549,0.046781221429025965
11,"… + Δlog cert robusta stocks (1993→, same sample)",oni,0.010934005353911098,0.014576587232946626,0.75010735909415,0.453190047673106,195,0.07483340545489303
11,"… + Δlog cert robusta stocks (1993→, same sample)",d3_lag3,0.19875203132444005,0.05513603607605592,3.60475735053345,0.000312444710324315,195,0.07483340545489303
11,"… + Δlog cert robusta stocks (1993→, same sample)",dlog_rob_stocks_12,-0.0012396275613162672,0.025994541916583458,-0.047687994090999365,0.9619649025449425,195,0.07483340545489303
11,"oni alone, 2010-08→ sample",oni,0.01080745184074268,0.014646458068723412,0.7378884225819287,0.4605822548462718,193,0.07522639142828602
11,"oni alone, 2010-08→ sample",d3_lag3,0.19055879597472614,0.0690933497513562,2.7579904095037127,0.005815790416100791,193,0.07522639142828602
11,… + Δlog cert stocks rob & ara (2010-08→),oni,0.007337613550560529,0.012660657068408224,0.5795602480119193,0.5622112067106497,178,0.12749252955684875
11,… + Δlog cert stocks rob & ara (2010-08→),d3_lag3,0.21921971562072398,0.06677717369750606,3.2828540574922718,0.0010276185122452155,178,0.12749252955684875
11,… + Δlog cert stocks rob & ara (2010-08→),dlog_rob_stocks_12,-0.00398449185402812,0.0252100172646678,-0.1580519288105543,0.8744158796420547,178,0.12749252955684875
11,… + Δlog cert stocks rob & ara (2010-08→),dlog_ara_stocks_12,0.04958588218289157,0.01857901476990857,2.6689188203458,0.007609583987034822,178,0.12749252955684875
11,ONI⁺ / ONI⁻ (asymmetry) + lagged Δ + month dummies,oni_pos,0.007231332828786682,0.015814973781918356,0.4572459574390468,0.6474942689636927,549,0.05340557392706491
11,ONI⁺ / ONI⁻ (asymmetry) + lagged Δ + month dummies,oni_neg,-0.02855647144767917,0.016659627701213032,-1.7141122214633824,0.0865081176737365,549,0.05340557392706491
11,ONI⁺ / ONI⁻ (asymmetry) + lagged Δ + month dummies,d3_lag3,0.14791263457815104,0.06376827724367254,2.3195331749820447,0.020366144475750816,549,0.05340557392706491
12,oni + lagged Δ + month dummies,oni,-0.006335549176170916,0.009522192671616265,-0.6653456188778777,0.5058294587801145,548,0.04563979439780741
12,oni + lagged Δ + month dummies,d3_lag3,0.14692157018009472,0.06247920459702359,2.3515275382858163,0.018696505623670395,548,0.04563979439780741
12,"… + Δlog cert robusta stocks (1993→, same sample)",oni,0.013470455346099867,0.01650308822115565,0.8162384618917454,0.4143637628379546,195,0.07984170365265597
12,"… + Δlog cert robusta stocks (1993→, same sample)",d3_lag3,0.1976426388004199,0.05505175850452337,3.5901239882133913,0.0003305207049951326,195,0.07984170365265597
12,"… + Δlog cert robusta stocks (1993→, same sample)",dlog_rob_stocks_12,-0.0014287644577239604,0.025784252958365506,-0.05541228826877486,0.9558100062570092,195,0.07984170365265597
12,"oni alone, 2010-08→ sample",oni,0.01383743299909872,0.016688427948566068,0.8291633604882289,0.40701197462327954,193,0.08122884155061971
12,"oni alone, 2010-08→ sample",d3_lag3,0.18800106098169975,0.06819843141302039,2.7566772004349467,0.005839196438511949,193,0.08122884155061971
12,… + Δlog cert stocks rob & ara (2010-08→),oni,0.010898920667989875,0.014947077604182518,0.7291673300030315,0.4658993128130233,178,0.1322695316739798
12,… + Δlog cert stocks rob & ara (2010-08→),d3_lag3,0.21706488402580199,0.06606051786612278,3.2858489614886506,0.0010167551339671198,178,0.1322695316739798
12,… + Δlog cert stocks rob & ara (2010-08→),dlog_rob_stocks_12,-0.004671413838904076,0.024950502433589965,-0.18722724527643655,0.8514824638917476,178,0.1322695316739798
12,… + Δlog cert stocks rob & ara (2010-08→),dlog_ara_stocks_12,0.048366708135187064,0.018079588213411053,2.6752107163209433,0.007468229413007991,178,0.1322695316739798
12,ONI⁺ / ONI⁻ (asymmetry) + lagged Δ + month dummies,oni_pos,0.00949183480576354,0.015330966656592074,0.6191282662324623,0.5358318635369705,548,0.05331687332547297
12,ONI⁺ / ONI⁻ (asymmetry) + lagged Δ + month dummies,oni_neg,-0.0290349355476928,0.01852122761597869,-1.567657185026099,0.11696115872389093,548,0.05331687332547297
12,ONI⁺ / ONI⁻ (asymmetry) + lagged Δ + month dummies,d3_lag3,0.14484192885522007,0.06443421713319535,2.2479039134720877,0.024582317583360224,548,0.05331687332547297
13,oni + lagged Δ + month dummies,oni,-0.004310208213334407,0.010006551529455903,-0.4307386216566828,0.6666584330707631,547,0.04405437984292493
13,oni + lagged Δ + month dummies,d3_lag3,0.14835653287157186,0.06254674814381608,2.371930392455418,0.017695424045886282,547,0.04405437984292493
13,"… + Δlog cert robusta stocks (1993→, same sample)",oni,0.015902847684792727,0.017910276153885317,0.8879175032341914,0.3745851288018187,195,0.08567055241355703
13,"… + Δlog cert robusta stocks (1993→, same sample)",d3_lag3,0.19478997713455118,0.05613826485040207,3.469825397233596,0.0005207967992828388,195,0.08567055241355703
13,"… + Δlog cert robusta stocks (1993→, same sample)",dlog_rob_stocks_12,-0.001633150836731852,0.025487652118861226,-0.06407615849100895,0.9489095855938591,195,0.08567055241355703
13,"oni alone, 2010-08→ sample",oni,0.016837427302218093,0.01830006942505553,0.9200745041527076,0.3575338267341083,193,0.08857261998825072
13,"oni alone, 2010-08→ sample",d3_lag3,0.1830728048023121,0.06824781444472314,2.682471318559083,0.007308041805974747,193,0.08857261998825072
13,… + Δlog cert stocks rob & ara (2010-08→),oni,0.014406626674992342,0.016916329350575562,0.8516402333170564,0.3944138019135556,178,0.13877716312834587
13,… + Δlog cert stocks rob & ara (2010-08→),d3_lag3,0.21227990936467064,0.06658096717435658,3.1882971722049347,0.0014311337290229258,178,0.13877716312834587
13,… + Δlog cert stocks rob & ara (2010-08→),dlog_rob_stocks_12,-0.005310395473295258,0.024557762336090153,-0.21624101579853985,0.8287998837909374,178,0.13877716312834587
13,… + Δlog cert stocks rob & ara (2010-08→),dlog_ara_stocks_12,0.04705106007305609,0.017765192780393922,2.6484970163106096,0.00808505629205082,178,0.13877716312834587
13,ONI⁺ / ONI⁻ (asymmetry) + lagged Δ + month dummies,oni_pos,0.011961691854611625,0.014752294882465872,0.8108360055105004,0.41745985448289413,547,0.0521727565540866
13,ONI⁺ / ONI⁻ (asymmetry) + lagged Δ + month dummies,oni_neg,-0.027713629901861738,0.02070671938639145,-1.3383882489891308,0.18076990750823518,547,0.0521727565540866
13,ONI⁺ / ONI⁻ (asymmetry) + lagged Δ + month dummies,d3_lag3,0.14297463591262768,0.06456711294821824,2.2143569595142187,0.02680423320514279,547,0.0521727565540866
15,oni + lagged Δ + month dummies,oni,-0.001551786192455717,0.010762773740067774,-0.14418088031328857,0.8853576384842934,545,0.04214733466246401
15,oni + lagged Δ + month dummies,d3_lag3,0.15053304755831087,0.06217564192318375,2.4210935810568746,0.015473893215536518,545,0.04214733466246401
15,"… + Δlog cert robusta stocks (1993→, same sample)",oni,0.02072891973930214,0.01946436975733663,1.0649674249786005,0.28689067114482636,195,0.09995916910508784
15,"… + Δlog cert robusta stocks (1993→, same sample)",d3_lag3,0.18524412270265156,0.06300568696029946,2.9401174979549993,0.0032808780641189095,195,0.09995916910508784
15,"… + Δlog cert robusta stocks (1993→, same sample)",dlog_rob_stocks_12,-0.002587736459368065,0.024871044817780595,-0.10404614998393885,0.9171327248973528,195,0.09995916910508784
15,"oni alone, 2010-08→ sample",oni,0.022450972193953252,0.02000176489606631,1.1224495593570656,0.261671342680321,193,0.10581156664049718
15,"oni alone, 2010-08→ sample",d3_lag3,0.16867243825667957,0.07345567125859805,2.2962480005508947,0.021661705425283923,193,0.10581156664049718
15,… + Δlog cert stocks rob & ara (2010-08→),oni,0.022181150355221467,0.02034172251044786,1.0904263561666838,0.27552537715824554,178,0.1591703050016503
15,… + Δlog cert stocks rob & ara (2010-08→),d3_lag3,0.19482421152879836,0.07499788400580303,2.5977294441230323,0.009384240201758216,178,0.1591703050016503
15,… + Δlog cert stocks rob & ara (2010-08→),dlog_rob_stocks_12,-0.006857845704076259,0.02389412910480762,-0.28700965304052134,0.7741049289925436,178,0.1591703050016503
15,… + Δlog cert stocks rob & ara (2010-08→),dlog_ara_stocks_12,0.04463222413403858,0.017446208843768567,2.5582763873642556,0.01051924489362739,178,0.1591703050016503
15,ONI⁺ / ONI⁻ (asymmetry) + lagged Δ + month dummies,oni_pos,0.009997886539705741,0.015642638855281065,0.639143218238423,0.522729766900802,545,0.0462242027529719
15,ONI⁺ / ONI⁻ (asymmetry) + lagged Δ + month dummies,oni_neg,-0.018180623958596164,0.025986169887021574,-0.6996269183815435,0.4841603272728626,545,0.0462242027529719
15,ONI⁺ / ONI⁻ (asymmetry) + lagged Δ + month dummies,d3_lag3,0.1445519475074584,0.06357660403182656,2.2736657565901983,0.022986090551655517,545,0.0462242027529719
16,oni + lagged Δ + month dummies,oni,-0.00021545814425062444,0.010818341913687708,-0.019916004316522847,0.9841103780789879,544,0.041756721684387266
16,oni + lagged Δ + month dummies,d3_lag3,0.1509273310036618,0.061642009826778324,2.4484492220124925,0.014347265141414696,544,0.041756721684387266
16,"… + Δlog cert robusta stocks (1993→, same sample)",oni,0.022531558822160572,0.019999857793848854,1.1265859514806333,0.2599175815745981,195,0.10589340281942716
16,"… + Δlog cert robusta stocks (1993→, same sample)",d3_lag3,0.1785705370998514,0.06805261051234479,2.6240071579246558,0.0086901958807394,195,0.10589340281942716
16,"… + Δlog cert robusta stocks (1993→, same sample)",dlog_rob_stocks_12,-0.0032848130949308303,0.0246750080954844,-0.13312308073900736,0.8940960418129338,195,0.10589340281942716
16,"oni alone, 2010-08→ sample",oni,0.024275211800729855,0.020310166695914206,1.1952246460691678,0.23199927167480938,193,0.11223606886611237
16,"oni alone, 2010-08→ sample",d3_lag3,0.16034046016030234,0.07786728364212545,2.0591505528460443,0.039479818326107696,193,0.11223606886611237
16,… + Δlog cert stocks rob & ara (2010-08→),oni,0.025514504597085732,0.021877314999854573,1.1662539300300487,0.24351179381254118,178,0.17018816732967557
16,… + Δlog cert stocks rob & ara (2010-08→),d3_lag3,0.18353424759726483,0.08237171556421413,2.228122193888118,0.02587236767718616,178,0.17018816732967557
16,… + Δlog cert stocks rob & ara (2010-08→),dlog_rob_stocks_12,-0.007647862022858593,0.02368614553449471,-0.32288335017281833,0.7467835861713965,178,0.17018816732967557
16,… + Δlog cert stocks rob & ara (2010-08→),dlog_ara_stocks_12,0.04400553258903066,0.01735898491139021,2.5350291398753475,0.011243797253560894,178,0.17018816732967557
16,ONI⁺ / ONI⁻ (asymmetry) + lagged Δ + month dummies,oni_pos,0.006061346691665895,0.016010730737469035,0.3785802653891904,0.7049995791492337,544,0.04295612053987763
16,ONI⁺ / ONI⁻ (asymmetry) + lagged Δ + month dummies,oni_neg,-0.009238848658233403,0.02783342667624555,-0.33193356914685257,0.7399394215841357,544,0.04295612053987763
16,ONI⁺ / ONI⁻ (asymmetry) + lagged Δ + month dummies,d3_lag3,0.14740474307946866,0.06302201414845482,2.338940528499163,0.019338511598349685,544,0.04295612053987763
18,oni + lagged Δ + month dummies,oni,0.004865259305396905,0.010144085386787466,0.47961537387430114,0.6315009124715764,542,0.04372658819765207
18,oni + lagged Δ + month dummies,d3_lag3,0.14942236935973283,0.06059482038725081,2.465926434054938,0.013665939826786476,542,0.04372658819765207
18,"… + Δlog cert robusta stocks (1993→, same sample)",oni,0.02496287337428227,0.02007618600414453,1.2434071575711108,0.21371783405873712,195,0.11347587218226385
18,"… + Δlog cert robusta stocks (1993→, same sample)",d3_lag3,0.16322439819042514,0.07768416920869076,2.1011281944966047,0.035629714516988736,195,0.11347587218226385
18,"… + Δlog cert robusta stocks (1993→, same sample)",dlog_rob_stocks_12,-0.004693515166999802,0.024591832489319163,-0.19085666629513318,0.8486378913021704,195,0.11347587218226385
18,"oni alone, 2010-08→ sample",oni,0.025806452245377795,0.01947983676353439,1.3247776436035963,0.18524491193010906,193,0.11774381808499734
18,"oni alone, 2010-08→ sample",d3_lag3,0.1457323917718648,0.08511023290269204,1.7122781456664924,0.08684542215604445,193,0.11774381808499734
18,… + Δlog cert stocks rob & ara (2010-08→),oni,0.02912221137334797,0.023031580458154097,1.2644469373806062,0.20606965486447926,178,0.1832994112004458
18,… + Δlog cert stocks rob & ara (2010-08→),d3_lag3,0.16153570139093296,0.09555116740872643,1.6905675333086545,0.09091942986595736,178,0.1832994112004458
18,… + Δlog cert stocks rob & ara (2010-08→),dlog_rob_stocks_12,-0.008871530846863542,0.023513353706228857,-0.3772975543047868,0.705952489501767,178,0.1832994112004458
18,… + Δlog cert stocks rob & ara (2010-08→),dlog_ara_stocks_12,0.044512904833938646,0.017404769849348363,2.5575118326316284,0.010542397127209164,178,0.1832994112004458
18,ONI⁺ / ONI⁻ (asymmetry) + lagged Δ + month dummies,oni_pos,0.008391830343895531,0.014499083612348406,0.5787834988928872,0.5627352666234815,542,0.04410509571153576
18,ONI⁺ / ONI⁻ (asymmetry) + lagged Δ + month dummies,oni_neg,-0.00018509536823517442,0.02726831072379561,-0.0067879294067766174,0.9945840575173598,542,0.04410509571153576
18,ONI⁺ / ONI⁻ (asymmetry) + lagged Δ + month dummies,d3_lag3,0.14787424508289598,0.06178377186090326,2.393415627259085,0.016692320025181874,542,0.04410509571153576
24,oni + lagged Δ + month dummies,oni,0.013305257862402284,0.00814388430924346,1.6337729463200465,0.10230653491592956,536,0.05657154060363345
24,oni + lagged Δ + month dummies,d3_lag3,0.13646290254893495,0.06003250576025504,2.2731502012245044,0.023017130079185075,536,0.05657154060363345
24,"… + Δlog cert robusta stocks (1993→, same sample)",oni,0.0021879763394868634,0.008099720046706971,0.27012987200420696,0.7870603415344095,195,0.06574189426045207
24,"… + Δlog cert robusta stocks (1993→, same sample)",d3_lag3,0.20134575134239002,0.05696587278866383,3.534497787637824,0.00040855085565003654,195,0.06574189426045207
24,"… + Δlog cert robusta stocks (1993→, same sample)",dlog_rob_stocks_12,-1.1895142715254918e-05,0.026438997748897235,-0.00044990898778494965,0.9996410245769904,195,0.06574189426045207
24,"oni alone, 2010-08→ sample",oni,0.003922809482469053,0.008307531202114127,0.472199187343499,0.6367846197388467,193,0.06706218567593714
24,"oni alone, 2010-08→ sample",d3_lag3,0.18994546791093916,0.06946132982976447,2.7345498333598957,0.006246563922681781,193,0.06706218567593714
24,… + Δlog cert stocks rob & ara (2010-08→),oni,0.005812826233526357,0.009084604041513192,0.6398546603642765,0.5222670926421782,178,0.12610427509384403
24,… + Δlog cert stocks rob & ara (2010-08→),d3_lag3,0.21059754332992317,0.06875061176947424,3.0632097360249233,0.002189765257527945,178,0.12610427509384403
24,… + Δlog cert stocks rob & ara (2010-08→),dlog_rob_stocks_12,-0.003957077776469817,0.02580588141190843,-0.15334015193310843,0.878130038406184,178,0.12610427509384403
24,… + Δlog cert stocks rob & ara (2010-08→),dlog_ara_stocks_12,0.051552354260539925,0.019436184133083814,2.6523907114457064,0.007992399708600847,178,0.12610427509384403
24,ONI⁺ / ONI⁻ (asymmetry) + lagged Δ + month dummies,oni_pos,0.01492954333430194,0.015344394214597323,0.9729640105374293,0.330571189342991,536,0.05665098032344695
24,ONI⁺ / ONI⁻ (asymmetry) + lagged Δ + month dummies,oni_neg,0.011004363962231964,0.017538514504900342,0.6274399099853807,0.5303709136129492,536,0.05665098032344695
24,ONI⁺ / ONI⁻ (asymmetry) + lagged Δ + month dummies,d3_lag3,0.13610728067487393,0.061566441956237505,2.2107381285996897,0.027053976546622213,536,0.05665098032344695
